time_sec,mid_price,best_bid,best_ask,hft_agg_inventory,imbalance
0.0,1165.0,1164.75,1165.25,0.0,-0.08571428571428572
1.0,1166.75,1166.75,NaN,16.0,1.0
2.0,1167.625,1166.5,1168.75,28.0,0.4857142857142857
3.0,1166.5,1166.5,NaN,65.0,1.0
4.0,1165.0,1164.0,1166.0,28.0,0.40540540540540543
5.0,1164.75,1163.75,1165.75,25.0,0.2727272727272727
6.0,1163.75,1163.0,1164.5,19.0,0.125
7.0,1163.0,1163.0,NaN,47.0,1.0
8.0,1163.25,1163.25,NaN,71.0,1.0
9.0,1164.0,1164.0,NaN,92.0,1.0
10.0,1165.375,1164.75,1166.0,101.0,0.6470588235294118
11.0,1165.75,1165.75,NaN,114.0,1.0
12.0,1167.0,1166.25,1167.75,115.0,0.6923076923076923
13.0,1167.875,1167.0,1168.75,116.0,0.8333333333333334
14.0,1166.25,1166.0,1166.5,89.0,-0.8
15.0,1166.75,1166.5,1167.0,69.0,-0.8
16.0,1167.0,NaN,1167.0,48.0,-1.0
17.0,1166.625,1166.25,1167.0,25.0,-0.8
18.0,1166.5,1166.0,1167.0,28.0,-0.8709677419354839
19.0,1167.25,NaN,1167.25,52.0,-1.0
20.0,1167.0,NaN,1167.0,67.0,-1.0
21.0,1165.625,1165.0,1166.25,85.0,-0.8666666666666667
22.0,1164.375,1163.75,1165.0,103.0,-0.2857142857142857
23.0,1163.0,NaN,1163.0,110.0,-1.0
24.0,1161.75,NaN,1161.75,111.0,-1.0
25.0,1161.0,NaN,1161.0,114.0,-1.0
26.0,1160.25,NaN,1160.25,118.0,-1.0
27.0,1160.5,NaN,1160.5,116.0,-1.0
28.0,1160.0,NaN,1160.0,120.0,-1.0
29.0,1158.5,1157.75,1159.25,118.0,-0.8888888888888888
30.0,1159.25,NaN,1159.25,118.0,-1.0
31.0,1159.5,NaN,1159.5,120.0,-1.0
32.0,1158.25,NaN,1158.25,118.0,-1.0
33.0,1158.5,NaN,1158.5,117.0,-1.0
34.0,1158.0,NaN,1158.0,118.0,-1.0
35.0,1157.75,NaN,1157.75,118.0,-1.0
36.0,1158.5,NaN,1158.5,120.0,-1.0
37.0,1158.5,NaN,1158.5,120.0,-1.0
38.0,1157.75,NaN,1157.75,118.0,-1.0
39.0,1157.75,NaN,1157.75,115.0,-1.0
40.0,1157.5,NaN,1157.5,120.0,-1.0
41.0,1157.5,NaN,1157.5,118.0,-1.0
42.0,1157.25,NaN,1157.25,119.0,-1.0
43.0,1155.0,NaN,1155.0,117.0,-1.0
44.0,1153.75,1153.0,1154.5,115.0,-0.75
45.0,1154.75,NaN,1154.75,120.0,-1.0
46.0,1154.75,NaN,1154.75,112.0,-1.0
47.0,1153.25,NaN,1153.25,120.0,-1.0
48.0,1153.75,NaN,1153.75,119.0,-1.0
49.0,1154.0,NaN,1154.0,117.0,-1.0
50.0,1152.875,1152.5,1153.25,117.0,-0.5789473684210527
51.0,1152.125,1151.25,1153.0,117.0,-0.8333333333333334
52.0,1154.0,NaN,1154.0,117.0,-1.0
53.0,1153.0,NaN,1153.0,119.0,-1.0
54.0,1150.5,NaN,1150.5,116.0,-1.0
55.0,1149.25,NaN,1149.25,120.0,-1.0
56.0,1150.25,NaN,1150.25,118.0,-1.0
57.0,1150.0,NaN,1150.0,119.0,-1.0
58.0,1149.25,NaN,1149.25,117.0,-1.0
59.0,1150.0,NaN,1150.0,117.0,-1.0
60.0,1149.5,NaN,1149.5,120.0,-1.0
61.0,1150.0,NaN,1150.0,120.0,-1.0
62.0,1150.0,NaN,1150.0,120.0,-1.0
63.0,1149.75,NaN,1149.75,119.0,-1.0
64.0,1149.25,1148.5,1150.0,118.0,-0.9428571428571428
65.0,1150.0,NaN,1150.0,117.0,-1.0
66.0,1149.75,NaN,1149.75,117.0,-1.0
67.0,1150.0,NaN,1150.0,118.0,-1.0
68.0,1149.5,NaN,1149.5,117.0,-1.0
69.0,1149.5,NaN,1149.5,120.0,-1.0
70.0,1149.5,1148.75,1150.25,119.0,-0.9512195121951219
71.0,1149.25,1148.5,1150.0,118.0,-0.95
72.0,1150.5,NaN,1150.5,120.0,-1.0
73.0,1150.25,NaN,1150.25,119.0,-1.0
74.0,1149.25,NaN,1149.25,118.0,-1.0
75.0,1148.75,NaN,1148.75,118.0,-1.0
76.0,1147.75,1147.5,1148.0,93.0,0.8571428571428571
77.0,1147.625,1147.25,1148.0,66.0,0.7894736842105263
78.0,1147.375,1147.0,1147.75,45.0,0.8823529411764706
79.0,1146.875,1146.5,1147.25,27.0,0.7333333333333333
80.0,1147.875,1147.5,1148.25,42.0,-0.68
81.0,1146.875,1146.0,1147.75,49.0,-0.3333333333333333
82.0,1145.25,1145.25,NaN,31.0,1.0
83.0,1145.375,1145.0,1145.75,29.0,0.7241379310344828
84.0,1145.25,1144.75,1145.75,37.0,0.7777777777777778
85.0,1145.875,1145.0,1146.75,54.0,0.7037037037037037
86.0,1146.125,1145.5,1146.75,74.0,0.6470588235294118
87.0,1147.5,1147.5,NaN,98.0,1.0
88.0,1147.5,1147.5,NaN,108.0,1.0
89.0,1149.25,1148.5,1150.0,112.0,0.6666666666666666
90.0,1150.0,1150.0,NaN,112.0,1.0
91.0,1151.0,1151.0,NaN,114.0,1.0
92.0,1151.25,1151.25,NaN,116.0,1.0
93.0,1152.25,1152.25,NaN,117.0,1.0
94.0,1153.75,1153.75,NaN,116.0,1.0
95.0,1153.5,1153.5,NaN,120.0,1.0
96.0,1153.0,1153.0,NaN,118.0,1.0
97.0,1153.5,1153.5,NaN,119.0,1.0
98.0,1153.5,1153.5,NaN,120.0,1.0
99.0,1153.0,1153.0,NaN,118.0,1.0
100.0,1155.5,1155.0,1156.0,114.0,0.3333333333333333
101.0,1156.25,1156.25,NaN,117.0,1.0
102.0,1155.75,1155.75,NaN,118.0,1.0
103.0,1158.0,1158.0,NaN,117.0,1.0
104.0,1158.75,1158.75,NaN,116.0,1.0
105.0,1158.0,1157.0,1159.0,89.0,0.2222222222222222
106.0,1159.25,1159.25,NaN,115.0,1.0
107.0,1160.0,1160.0,NaN,118.0,1.0
108.0,1163.75,1163.75,NaN,115.0,1.0
109.0,1164.25,1164.25,NaN,118.0,1.0
110.0,1164.25,1164.25,NaN,120.0,1.0
111.0,1157.875,1157.5,1158.25,101.0,0.16666666666666666
112.0,1150.25,1150.0,1150.5,81.0,-0.47368421052631576
113.0,1151.625,1151.25,1152.0,54.0,-0.6666666666666666
114.0,1152.5,NaN,1152.5,20.0,-1.0
115.0,1152.75,1151.75,1153.75,17.0,-0.6666666666666666
116.0,1155.0,NaN,1155.0,22.0,-1.0
117.0,1155.875,1155.25,1156.5,42.0,-0.5714285714285714
118.0,1155.25,1155.25,NaN,32.0,1.0
119.0,1155.25,1155.25,NaN,22.0,1.0
120.0,1156.0,1155.5,1156.5,31.0,0.8461538461538461
121.0,1155.5,1155.5,NaN,57.0,1.0
122.0,1156.875,1156.25,1157.5,70.0,0.5
123.0,1157.25,1157.25,NaN,93.0,1.0
124.0,1157.0,1157.0,NaN,105.0,1.0
125.0,1156.75,1156.75,NaN,108.0,1.0
126.0,1157.0,1157.0,NaN,115.0,1.0
127.0,1157.75,1157.75,NaN,116.0,1.0
128.0,1158.25,1158.25,NaN,114.0,1.0
129.0,1158.25,1158.25,NaN,120.0,1.0
130.0,1159.75,1159.75,NaN,119.0,1.0
131.0,1159.75,1159.75,NaN,120.0,1.0
132.0,1160.0,1160.0,NaN,118.0,1.0
133.0,1160.0,1160.0,NaN,118.0,1.0
134.0,1160.75,1160.75,NaN,115.0,1.0
135.0,1160.875,1160.25,1161.5,118.0,0.75
136.0,1161.5,1161.5,NaN,115.0,1.0
137.0,1162.0,1161.25,1162.75,118.0,0.6
138.0,1161.5,1161.5,NaN,120.0,1.0
139.0,1161.75,1161.75,NaN,117.0,1.0
140.0,1163.0,1163.0,NaN,118.0,1.0
141.0,1162.5,1162.5,NaN,120.0,1.0
142.0,1162.25,1162.25,NaN,119.0,1.0
143.0,1162.0,1162.0,NaN,119.0,1.0
144.0,1162.5,1162.5,NaN,120.0,1.0
145.0,1162.5,1162.5,NaN,118.0,1.0
146.0,1162.5,1162.5,NaN,119.0,1.0
147.0,1163.0,1163.0,NaN,118.0,1.0
148.0,1163.25,1163.25,NaN,115.0,1.0
149.0,1163.75,1163.75,NaN,114.0,1.0
150.0,1165.25,1165.25,NaN,115.0,1.0
151.0,1167.5,1167.5,NaN,117.0,1.0
152.0,1168.25,1167.5,1169.0,118.0,0.875
153.0,1168.5,1168.5,NaN,119.0,1.0
154.0,1168.0,1168.0,NaN,120.0,1.0
155.0,1168.25,1168.25,NaN,118.0,1.0
156.0,1167.75,1167.75,NaN,118.0,1.0
157.0,1167.75,1167.75,NaN,120.0,1.0
158.0,1168.0,1168.0,NaN,120.0,1.0
159.0,1169.0,1169.0,NaN,119.0,1.0
160.0,1169.0,1169.0,NaN,119.0,1.0
161.0,1169.25,1169.25,NaN,118.0,1.0
162.0,1170.25,1170.25,NaN,118.0,1.0
163.0,1170.5,1170.5,NaN,118.0,1.0
164.0,1171.75,1171.75,NaN,116.0,1.0
165.0,1173.5,1173.5,NaN,116.0,1.0
166.0,1169.0,1168.0,1170.0,90.0,0.36363636363636365
167.0,1170.5,1170.5,NaN,114.0,1.0
168.0,1171.0,1171.0,NaN,119.0,1.0
169.0,1169.625,1169.0,1170.25,95.0,-0.058823529411764705
170.0,1171.75,1171.0,1172.5,112.0,0.8571428571428571
171.0,1169.5,1169.0,1170.0,103.0,0.15789473684210525
172.0,1169.25,1169.25,NaN,118.0,1.0
173.0,1170.5,1170.5,NaN,119.0,1.0
174.0,1171.75,1171.5,1172.0,87.0,-0.8
175.0,1175.375,1174.75,1176.0,93.0,0.42857142857142855
176.0,1181.125,1180.5,1181.75,71.0,-0.6666666666666666
177.0,1181.75,NaN,1181.75,49.0,-1.0
178.0,1182.75,NaN,1182.75,27.0,-1.0
179.0,1182.25,1181.75,1182.75,26.0,-0.6842105263157895
180.0,1182.125,1181.5,1182.75,41.0,-0.9166666666666666
181.0,1181.875,1181.25,1182.5,60.0,-0.8333333333333334
182.0,1181.125,1180.25,1182.0,79.0,-0.8947368421052632
183.0,1180.25,1179.75,1180.75,93.0,-0.45454545454545453
184.0,1177.75,1177.0,1178.5,107.0,-0.8
185.0,1176.0,1175.25,1176.75,115.0,-0.8666666666666667
186.0,1175.5,NaN,1175.5,116.0,-1.0
187.0,1174.5,NaN,1174.5,118.0,-1.0
188.0,1173.5,1172.75,1174.25,115.0,-0.8888888888888888
189.0,1174.5,NaN,1174.5,119.0,-1.0
190.0,1175.0,NaN,1175.0,119.0,-1.0
191.0,1175.0,NaN,1175.0,120.0,-1.0
192.0,1175.25,NaN,1175.25,118.0,-1.0
193.0,1174.25,1173.25,1175.25,106.0,-0.3333333333333333
194.0,1176.75,1176.75,NaN,75.0,1.0
195.0,1177.125,1176.75,1177.5,57.0,0.5652173913043478
196.0,1176.375,1175.75,1177.0,70.0,-0.75
197.0,1174.125,1173.5,1174.75,88.0,-0.75
198.0,1171.625,1171.0,1172.25,92.0,-0.125
199.0,1171.375,1170.75,1172.0,54.0,0.6
200.0,1171.25,1170.75,1171.75,38.0,0.2
201.0,1169.75,1169.75,NaN,42.0,1.0
202.0,1169.5,1168.75,1170.25,37.0,-0.25
203.0,1167.875,1167.5,1168.25,37.0,0.45454545454545453
204.0,1167.0,1166.75,1167.25,33.0,0.5555555555555556
205.0,1166.5,1166.5,NaN,57.0,1.0
206.0,1168.0,1167.0,1169.0,67.0,0.9166666666666666
207.0,1167.5,1167.5,NaN,82.0,1.0
208.0,1167.75,1167.75,NaN,92.0,1.0
209.0,1169.5,NaN,1169.5,64.0,-1.0
210.0,1169.25,1169.0,1169.5,52.0,-0.8461538461538461
211.0,1169.25,1168.5,1170.0,39.0,-0.6666666666666666
212.0,1169.5,1169.0,1170.0,33.0,-0.76
213.0,1169.75,1169.25,1170.25,49.0,-0.84
214.0,1169.5,NaN,1169.5,74.0,-1.0
215.0,1168.75,NaN,1168.75,92.0,-1.0
216.0,1167.0,NaN,1167.0,105.0,-1.0
217.0,1166.75,NaN,1166.75,111.0,-1.0
218.0,1165.0,NaN,1165.0,116.0,-1.0
219.0,1165.0,NaN,1165.0,118.0,-1.0
220.0,1165.0,NaN,1165.0,119.0,-1.0
221.0,1165.0,NaN,1165.0,120.0,-1.0
222.0,1164.375,1163.75,1165.0,99.0,0.07692307692307693
223.0,1169.625,1167.75,1171.5,82.0,0.7777777777777778
224.0,1164.375,1163.75,1165.0,85.0,-0.21739130434782608
225.0,1164.125,1163.5,1164.75,71.0,-0.16666666666666666
226.0,1162.5,1162.5,NaN,43.0,1.0
227.0,1162.625,1162.0,1163.25,71.0,-0.6363636363636364
228.0,1163.0,1162.75,1163.25,56.0,0.5
229.0,1160.0,1159.25,1160.75,44.0,0.38461538461538464
230.0,1158.625,1158.25,1159.0,25.0,0.8181818181818182
231.0,1158.0,1158.0,NaN,22.0,1.0
232.0,1158.5,1158.0,1159.0,33.0,-0.6666666666666666
233.0,1157.5,1157.5,NaN,34.0,1.0
234.0,1157.0,1157.0,NaN,33.0,1.0
235.0,1155.5,1154.75,1156.25,40.0,0.6363636363636364
236.0,1155.5,1155.0,1156.0,41.0,0.5294117647058824
237.0,1155.5,NaN,1155.5,37.0,-1.0
238.0,1154.875,1154.25,1155.5,49.0,-0.7391304347826086
239.0,1154.5,1154.0,1155.0,40.0,0.0
240.0,1154.625,1154.0,1155.25,58.0,-0.875
241.0,1153.0,1153.0,NaN,47.0,1.0
242.0,1153.875,1153.25,1154.5,46.0,0.7777777777777778
243.0,1154.0,1154.0,NaN,49.0,1.0
244.0,1154.25,1154.25,NaN,61.0,1.0
245.0,1156.125,1155.5,1156.75,75.0,0.6470588235294118
246.0,1156.875,1156.25,1157.5,86.0,0.42857142857142855
247.0,1157.75,1157.75,NaN,98.0,1.0
248.0,1158.25,1158.25,NaN,108.0,1.0
249.0,1161.625,1161.0,1162.25,109.0,0.42857142857142855
250.0,1162.0,1161.5,1162.5,100.0,0.0
251.0,1160.625,1159.75,1161.5,95.0,0.2857142857142857
252.0,1161.75,1161.5,1162.0,73.0,-0.8
253.0,1164.25,1163.5,1165.0,63.0,-0.2
254.0,1165.0,1164.25,1165.75,91.0,0.8333333333333334
255.0,1166.0,1166.0,NaN,101.0,1.0
256.0,1170.75,1170.25,1171.25,88.0,0.21739130434782608
257.0,1171.375,1170.5,1172.25,89.0,-0.3333333333333333
258.0,1173.75,1173.5,1174.0,65.0,-0.6923076923076923
259.0,1173.75,1173.25,1174.25,42.0,-0.7777777777777778
260.0,1174.5,NaN,1174.5,18.0,-1.0
261.0,1174.5,NaN,1174.5,23.0,-1.0
262.0,1173.875,1173.25,1174.5,38.0,-0.6
263.0,1173.0,1172.25,1173.75,59.0,-0.625
264.0,1173.125,1172.5,1173.75,81.0,-0.8823529411764706
265.0,1173.5,NaN,1173.5,102.0,-1.0
266.0,1169.25,NaN,1169.25,116.0,-1.0
267.0,1167.5,1167.25,1167.75,110.0,-0.2
268.0,1166.625,1166.25,1167.0,118.0,-0.8333333333333334
269.0,1167.5,NaN,1167.5,115.0,-1.0
270.0,1167.25,NaN,1167.25,111.0,-1.0
271.0,1163.375,1162.75,1164.0,114.0,-0.42857142857142855
272.0,1162.25,1161.5,1163.0,116.0,-0.8666666666666667
273.0,1162.0,NaN,1162.0,117.0,-1.0
274.0,1161.25,1160.5,1162.0,115.0,-0.9047619047619048
275.0,1160.75,NaN,1160.75,116.0,-1.0
276.0,1159.75,NaN,1159.75,115.0,-1.0
277.0,1158.0,NaN,1158.0,116.0,-1.0
278.0,1156.5,1155.75,1157.25,115.0,-0.8571428571428571
279.0,1157.0,NaN,1157.0,117.0,-1.0
280.0,1157.25,NaN,1157.25,116.0,-1.0
281.0,1156.5,NaN,1156.5,116.0,-1.0
282.0,1157.25,NaN,1157.25,117.0,-1.0
283.0,1156.5,1155.75,1157.25,118.0,-0.8666666666666667
284.0,1156.375,1155.75,1157.0,116.0,-0.7333333333333333
285.0,1158.875,1157.75,1160.0,94.0,0.047619047619047616
286.0,1157.25,1157.0,1157.5,74.0,0.8
287.0,1157.25,1157.0,1157.5,46.0,0.7894736842105263
288.0,1157.125,1157.0,1157.25,30.0,0.7391304347826086
289.0,1157.25,1156.75,1157.75,26.0,0.8333333333333334
290.0,1157.5,1156.75,1158.25,29.0,-0.5789473684210527
291.0,1157.0,1156.5,1157.5,49.0,-0.8260869565217391
292.0,1156.5,1155.75,1157.25,70.0,-0.7142857142857143
293.0,1155.75,1155.0,1156.5,86.0,-0.875
294.0,1157.25,NaN,1157.25,84.0,-1.0
295.0,1154.5,1153.75,1155.25,99.0,-0.8
296.0,1152.125,1151.25,1153.0,104.0,-0.7333333333333333
297.0,1154.625,1154.0,1155.25,93.0,0.15789473684210525
298.0,1153.625,1153.25,1154.0,75.0,0.2857142857142857
299.0,1152.0,1152.0,NaN,44.0,1.0
300.0,1151.25,1151.25,NaN,23.0,1.0
301.0,1151.625,1151.0,1152.25,27.0,0.875
302.0,1150.75,1150.75,NaN,35.0,1.0
303.0,1151.75,1151.25,1152.25,51.0,0.7647058823529411
304.0,1151.75,1151.0,1152.5,69.0,0.8181818181818182
305.0,1151.875,1151.25,1152.5,84.0,0.5789473684210527
306.0,1152.5,1152.5,NaN,102.0,1.0
307.0,1155.25,NaN,1155.25,75.0,-1.0
308.0,1155.375,1155.0,1155.75,49.0,-0.5238095238095238
309.0,1155.75,NaN,1155.75,26.0,-1.0
310.0,1155.75,NaN,1155.75,25.0,-1.0
311.0,1154.375,1154.0,1154.75,23.0,0.5
312.0,1154.625,1154.0,1155.25,17.0,0.1111111111111111
313.0,1153.0,1152.5,1153.5,24.0,0.75
314.0,1152.5,1152.0,1153.0,39.0,0.7777777777777778
315.0,1152.375,1151.75,1153.0,63.0,0.6923076923076923
316.0,1152.125,1151.5,1152.75,78.0,0.7333333333333333
317.0,1154.375,1153.75,1155.0,93.0,0.8181818181818182
318.0,1153.5,1153.5,NaN,99.0,1.0
319.0,1156.0,1155.25,1156.75,114.0,0.6
320.0,1155.75,1155.75,NaN,114.0,1.0
321.0,1156.0,1156.0,NaN,113.0,1.0
322.0,1154.0,1153.5,1154.5,100.0,0.14285714285714285
323.0,1155.0,1155.0,NaN,103.0,1.0
324.0,1155.5,1154.5,1156.5,111.0,0.7777777777777778
325.0,1155.0,1155.0,NaN,117.0,1.0
326.0,1154.75,1154.75,NaN,115.0,1.0
327.0,1154.75,1154.75,NaN,116.0,1.0
328.0,1154.75,1154.75,NaN,114.0,1.0
329.0,1155.75,1155.75,NaN,120.0,1.0
330.0,1155.25,1155.25,NaN,119.0,1.0
331.0,1157.5,1157.5,NaN,118.0,1.0
332.0,1155.5,1153.75,1157.25,99.0,-0.6666666666666666
333.0,1158.25,NaN,1158.25,71.0,-1.0
334.0,1158.25,NaN,1158.25,51.0,-1.0
335.0,1157.625,1157.0,1158.25,29.0,-0.9047619047619048
336.0,1157.875,1157.5,1158.25,31.0,-0.7333333333333333
337.0,1158.5,1158.25,1158.75,35.0,-0.6666666666666666
338.0,1158.0,NaN,1158.0,61.0,-1.0
339.0,1157.5,NaN,1157.5,81.0,-1.0
340.0,1156.25,NaN,1156.25,94.0,-1.0
341.0,1154.25,1153.5,1155.0,102.0,-0.5555555555555556
342.0,1155.5,NaN,1155.5,101.0,-1.0
343.0,1152.0,NaN,1152.0,113.0,-1.0
344.0,1151.0,NaN,1151.0,118.0,-1.0
345.0,1151.5,NaN,1151.5,117.0,-1.0
346.0,1150.5,1149.75,1151.25,117.0,-0.8823529411764706
347.0,1150.75,NaN,1150.75,120.0,-1.0
348.0,1150.0,NaN,1150.0,118.0,-1.0
349.0,1150.5,NaN,1150.5,119.0,-1.0
350.0,1149.25,1148.5,1150.0,114.0,-0.8888888888888888
351.0,1149.0,NaN,1149.0,116.0,-1.0
352.0,1148.5,1147.75,1149.25,117.0,-0.8947368421052632
353.0,1149.5,NaN,1149.5,119.0,-1.0
354.0,1148.5,1147.75,1149.25,117.0,-0.9166666666666666
355.0,1149.0,NaN,1149.0,118.0,-1.0
356.0,1147.25,1146.5,1148.0,118.0,-0.8666666666666667
357.0,1148.25,NaN,1148.25,120.0,-1.0
358.0,1148.75,NaN,1148.75,118.0,-1.0
359.0,1148.75,NaN,1148.75,120.0,-1.0
360.0,1148.75,NaN,1148.75,119.0,-1.0
361.0,1148.25,NaN,1148.25,115.0,-1.0
362.0,1146.75,NaN,1146.75,117.0,-1.0
363.0,1147.5,NaN,1147.5,117.0,-1.0
364.0,1147.5,NaN,1147.5,115.0,-1.0
365.0,1147.75,NaN,1147.75,119.0,-1.0
366.0,1148.0,NaN,1148.0,120.0,-1.0
367.0,1148.0,NaN,1148.0,120.0,-1.0
368.0,1147.75,NaN,1147.75,119.0,-1.0
369.0,1147.0,NaN,1147.0,118.0,-1.0
370.0,1147.25,NaN,1147.25,118.0,-1.0
371.0,1147.5,NaN,1147.5,118.0,-1.0
372.0,1147.5,NaN,1147.5,120.0,-1.0
373.0,1147.25,NaN,1147.25,118.0,-1.0
374.0,1147.25,NaN,1147.25,116.0,-1.0
375.0,1147.25,NaN,1147.25,118.0,-1.0
376.0,1147.25,NaN,1147.25,119.0,-1.0
377.0,1147.0,NaN,1147.0,118.0,-1.0
378.0,1145.75,NaN,1145.75,119.0,-1.0
379.0,1146.0,NaN,1146.0,120.0,-1.0
380.0,1146.25,NaN,1146.25,119.0,-1.0
381.0,1146.5,NaN,1146.5,120.0,-1.0
382.0,1145.75,NaN,1145.75,118.0,-1.0
383.0,1146.0,NaN,1146.0,119.0,-1.0
384.0,1146.25,1146.0,1146.5,120.0,-0.9
385.0,1146.25,NaN,1146.25,119.0,-1.0
386.0,1146.5,NaN,1146.5,120.0,-1.0
387.0,1146.25,NaN,1146.25,117.0,-1.0
388.0,1145.0,1144.25,1145.75,87.0,0.2
389.0,1143.5,1143.25,1143.75,75.0,0.36
390.0,1140.875,1140.5,1141.25,49.0,0.7777777777777778
391.0,1139.5,1139.5,NaN,32.0,1.0
392.0,1139.25,1138.75,1139.75,28.0,0.5294117647058824
393.0,1138.5,1138.5,NaN,32.0,1.0
394.0,1139.875,1139.0,1140.75,43.0,0.3333333333333333
395.0,1139.25,1139.25,NaN,71.0,1.0
396.0,1141.125,1140.5,1141.75,85.0,0.4
397.0,1142.75,1141.75,1143.75,97.0,0.8181818181818182
398.0,1142.25,1142.25,NaN,104.0,1.0
399.0,1143.5,1143.5,NaN,113.0,1.0
400.0,1144.0,1143.25,1144.75,109.0,0.6
401.0,1143.625,1143.25,1144.0,114.0,0.8571428571428571
402.0,1144.0,1144.0,NaN,115.0,1.0
403.0,1143.75,1143.75,NaN,114.0,1.0
404.0,1142.75,1142.75,NaN,117.0,1.0
405.0,1142.75,1142.0,1143.5,117.0,0.8888888888888888
406.0,1142.5,1142.5,NaN,117.0,1.0
407.0,1141.375,1140.75,1142.0,100.0,-0.09090909090909091
408.0,1143.25,1142.75,1143.75,83.0,-0.5555555555555556
409.0,1144.5,1144.25,1144.75,58.0,-0.6
410.0,1145.25,NaN,1145.25,39.0,-1.0
411.0,1146.0,1145.5,1146.5,16.0,-0.875
412.0,1146.5,NaN,1146.5,20.0,-1.0
413.0,1146.0,1145.5,1146.5,43.0,-0.92
414.0,1146.0,1145.5,1146.5,66.0,-0.8620689655172413
415.0,1143.75,1143.0,1144.5,80.0,-0.6
416.0,1144.75,NaN,1144.75,96.0,-1.0
417.0,1144.5,NaN,1144.5,107.0,-1.0
418.0,1141.5,NaN,1141.5,116.0,-1.0
419.0,1140.75,NaN,1140.75,115.0,-1.0
420.0,1139.25,1138.5,1140.0,119.0,-0.9047619047619048
421.0,1139.5,NaN,1139.5,118.0,-1.0
422.0,1140.25,NaN,1140.25,120.0,-1.0
423.0,1140.25,NaN,1140.25,118.0,-1.0
424.0,1140.25,NaN,1140.25,120.0,-1.0
425.0,1140.25,NaN,1140.25,120.0,-1.0
426.0,1140.25,NaN,1140.25,120.0,-1.0
427.0,1140.0,NaN,1140.0,119.0,-1.0
428.0,1139.375,1138.5,1140.25,109.0,-0.7333333333333333
429.0,1144.0,1143.75,1144.25,89.0,0.7333333333333333
430.0,1141.875,1141.5,1142.25,64.0,0.6923076923076923
431.0,1141.125,1140.75,1141.5,37.0,0.8947368421052632
432.0,1141.125,1140.75,1141.5,26.0,0.5714285714285714
433.0,1141.25,1140.75,1141.75,21.0,0.6521739130434783
434.0,1140.875,1140.25,1141.5,41.0,0.5789473684210527
435.0,1140.625,1140.0,1141.25,61.0,0.75
436.0,1142.5,1142.5,NaN,83.0,1.0
437.0,1143.0,1142.5,1143.5,92.0,0.23076923076923078
438.0,1145.875,1145.25,1146.5,108.0,0.45454545454545453
439.0,1147.875,1147.0,1148.75,114.0,0.8181818181818182
440.0,1149.0,1148.25,1149.75,118.0,0.8181818181818182
441.0,1148.75,1148.75,NaN,117.0,1.0
442.0,1149.0,1149.0,NaN,118.0,1.0
443.0,1148.75,1148.75,NaN,118.0,1.0
444.0,1149.0,1149.0,NaN,118.0,1.0
445.0,1148.75,1148.75,NaN,117.0,1.0
446.0,1151.0,1150.25,1151.75,116.0,0.7777777777777778
447.0,1149.75,1149.75,NaN,115.0,1.0
448.0,1149.375,1149.0,1149.75,114.0,0.8
449.0,1151.125,1150.25,1152.0,113.0,0.7777777777777778
450.0,1150.75,1150.75,NaN,116.0,1.0
451.0,1151.0,1151.0,NaN,119.0,1.0
452.0,1150.75,1150.75,NaN,119.0,1.0
453.0,1152.0,1152.0,NaN,119.0,1.0
454.0,1151.5,1151.5,NaN,118.0,1.0
455.0,1151.25,1151.25,NaN,119.0,1.0
456.0,1151.0,1151.0,NaN,118.0,1.0
457.0,1152.75,1152.25,1153.25,113.0,0.6666666666666666
458.0,1152.75,1152.75,NaN,119.0,1.0
459.0,1152.0,1152.0,NaN,118.0,1.0
460.0,1152.0,1152.0,NaN,118.0,1.0
461.0,1152.0,1152.0,NaN,120.0,1.0
462.0,1152.25,1152.25,NaN,119.0,1.0
463.0,1152.5,1152.5,NaN,120.0,1.0
464.0,1152.5,1152.5,NaN,118.0,1.0
465.0,1152.25,1152.25,NaN,116.0,1.0
466.0,1152.25,1152.25,NaN,119.0,1.0
467.0,1153.25,1152.5,1154.0,117.0,0.9310344827586207
468.0,1152.75,1152.75,NaN,117.0,1.0
469.0,1152.5,1152.5,NaN,117.0,1.0
470.0,1152.5,1152.5,NaN,115.0,1.0
471.0,1153.25,1153.25,NaN,115.0,1.0
472.0,1153.0,1153.0,NaN,117.0,1.0
473.0,1152.75,1152.25,1153.25,112.0,0.8947368421052632
474.0,1152.75,1152.75,NaN,120.0,1.0
475.0,1153.75,1153.75,NaN,116.0,1.0
476.0,1156.0,1155.25,1156.75,116.0,0.7142857142857143
477.0,1154.75,1154.75,NaN,115.0,1.0
478.0,1156.25,1156.25,NaN,116.0,1.0
479.0,1157.0,1157.0,NaN,119.0,1.0
480.0,1157.5,1157.5,NaN,119.0,1.0
481.0,1157.25,1157.25,NaN,120.0,1.0
482.0,1157.0,1157.0,NaN,118.0,1.0
483.0,1156.75,1156.75,NaN,117.0,1.0
484.0,1156.25,1156.25,NaN,116.0,1.0
485.0,1156.25,1156.25,NaN,119.0,1.0
486.0,1156.25,1156.25,NaN,120.0,1.0
487.0,1156.0,1156.0,NaN,120.0,1.0
488.0,1156.0,1156.0,NaN,118.0,1.0
489.0,1156.25,1156.25,NaN,119.0,1.0
490.0,1155.75,1155.75,NaN,116.0,1.0
491.0,1155.75,1155.75,NaN,119.0,1.0
492.0,1155.75,1155.75,NaN,120.0,1.0
493.0,1156.5,1155.75,1157.25,118.0,0.9444444444444444
494.0,1155.5,1155.5,NaN,119.0,1.0
495.0,1155.25,1155.25,NaN,118.0,1.0
496.0,1155.25,1155.25,NaN,120.0,1.0
497.0,1155.25,1155.25,NaN,120.0,1.0
498.0,1156.75,1156.0,1157.5,114.0,0.9130434782608695
499.0,1157.75,1157.5,1158.0,90.0,-0.8333333333333334
500.0,1160.25,1160.0,1160.5,79.0,-0.25
501.0,1161.75,1161.75,NaN,86.0,1.0
502.0,1164.0,1164.0,NaN,102.0,1.0
503.0,1165.5,1164.75,1166.25,106.0,0.7333333333333333
504.0,1166.0,1166.0,NaN,117.0,1.0
505.0,1165.0,1165.0,NaN,114.0,1.0
506.0,1168.0,1167.25,1168.75,115.0,0.6363636363636364
507.0,1167.25,1167.25,NaN,117.0,1.0
508.0,1170.5,1169.75,1171.25,118.0,0.875
509.0,1169.75,1169.5,1170.0,117.0,0.7
510.0,1170.0,1170.0,NaN,120.0,1.0
511.0,1170.25,1170.25,NaN,118.0,1.0
512.0,1169.75,1169.75,NaN,117.0,1.0
513.0,1170.0,1170.0,NaN,119.0,1.0
514.0,1170.75,1170.25,1171.25,117.0,0.8571428571428571
515.0,1171.0,1171.0,NaN,114.0,1.0
516.0,1171.25,1171.25,NaN,119.0,1.0
517.0,1170.75,1170.75,NaN,117.0,1.0
518.0,1171.0,1171.0,NaN,118.0,1.0
519.0,1171.25,1170.5,1172.0,118.0,0.9444444444444444
520.0,1170.5,1170.5,NaN,117.0,1.0
521.0,1170.25,1170.25,NaN,117.0,1.0
522.0,1170.25,1170.25,NaN,118.0,1.0
523.0,1171.75,1171.0,1172.5,117.0,0.8823529411764706
524.0,1172.25,1172.25,NaN,115.0,1.0
525.0,1172.0,1172.0,NaN,119.0,1.0
526.0,1171.75,1171.75,NaN,118.0,1.0
527.0,1172.25,1172.25,NaN,117.0,1.0
528.0,1171.75,1171.75,NaN,118.0,1.0
529.0,1171.25,1171.25,NaN,117.0,1.0
530.0,1171.75,1171.75,NaN,118.0,1.0
531.0,1173.75,1173.0,1174.5,119.0,0.8571428571428571
532.0,1172.5,1172.5,NaN,120.0,1.0
533.0,1172.75,1172.75,NaN,119.0,1.0
534.0,1172.5,1172.5,NaN,118.0,1.0
535.0,1172.5,1172.5,NaN,120.0,1.0
536.0,1172.25,1172.25,NaN,119.0,1.0
537.0,1171.5,1171.5,NaN,119.0,1.0
538.0,1172.75,1172.0,1173.5,113.0,0.9130434782608695
539.0,1172.0,1172.0,NaN,117.0,1.0
540.0,1172.25,1171.5,1173.0,118.0,0.9459459459459459
541.0,1171.25,1171.25,NaN,120.0,1.0
542.0,1171.625,1171.0,1172.25,120.0,0.8125
543.0,1172.0,1172.0,NaN,117.0,1.0
544.0,1171.5,1171.5,NaN,117.0,1.0
545.0,1173.375,1173.0,1173.75,114.0,0.6
546.0,1173.0,1173.0,NaN,117.0,1.0
547.0,1172.5,1172.5,NaN,115.0,1.0
548.0,1173.0,1173.0,NaN,118.0,1.0
549.0,1173.0,1173.0,NaN,120.0,1.0
550.0,1172.5,1172.5,NaN,115.0,1.0
551.0,1172.25,1172.25,NaN,116.0,1.0
552.0,1172.0,1172.0,NaN,118.0,1.0
553.0,1172.0,1172.0,NaN,120.0,1.0
554.0,1172.5,1172.5,NaN,118.0,1.0
555.0,1172.625,1172.0,1173.25,115.0,0.8571428571428571
556.0,1172.25,1172.25,NaN,116.0,1.0
557.0,1171.75,1171.75,NaN,115.0,1.0
558.0,1171.5,1171.5,NaN,119.0,1.0
559.0,1171.75,1171.75,NaN,117.0,1.0
560.0,1172.25,1172.25,NaN,118.0,1.0
561.0,1174.25,1173.5,1175.0,116.0,0.9230769230769231
562.0,1174.5,1173.75,1175.25,116.0,0.8571428571428571
563.0,1175.5,1175.5,NaN,115.0,1.0
564.0,1175.0,1175.0,NaN,120.0,1.0
565.0,1175.25,1175.25,NaN,120.0,1.0
566.0,1174.5,1174.5,NaN,117.0,1.0
567.0,1176.125,1175.25,1177.0,118.0,0.9047619047619048
568.0,1175.0,1175.0,NaN,119.0,1.0
569.0,1175.0,1175.0,NaN,118.0,1.0
570.0,1176.0,1176.0,NaN,112.0,1.0
571.0,1177.125,1176.5,1177.75,112.0,0.6923076923076923
572.0,1177.25,1177.25,NaN,120.0,1.0
573.0,1177.5,1177.5,NaN,115.0,1.0
574.0,1179.0,1179.0,NaN,119.0,1.0
575.0,1178.25,1178.25,NaN,120.0,1.0
576.0,1178.25,1178.25,NaN,120.0,1.0
577.0,1178.0,1178.0,NaN,120.0,1.0
578.0,1179.375,1178.75,1180.0,118.0,0.75
579.0,1178.75,1178.75,NaN,118.0,1.0
580.0,1180.0,1180.0,NaN,116.0,1.0
581.0,1180.0,1180.0,NaN,118.0,1.0
582.0,1179.75,1179.75,NaN,120.0,1.0
583.0,1180.5,1179.75,1181.25,119.0,0.8888888888888888
584.0,1180.75,1180.0,1181.5,113.0,0.8888888888888888
585.0,1181.5,1181.5,NaN,118.0,1.0
586.0,1181.75,1181.75,NaN,119.0,1.0
587.0,1181.5,1181.5,NaN,117.0,1.0
588.0,1182.25,1182.25,NaN,117.0,1.0
589.0,1182.5,1182.5,NaN,118.0,1.0
590.0,1183.75,1183.0,1184.5,115.0,0.8095238095238095
591.0,1182.5,1182.5,NaN,119.0,1.0
592.0,1182.0,1182.0,NaN,120.0,1.0
593.0,1183.0,1182.75,1183.25,115.0,0.625
594.0,1183.75,1183.75,NaN,116.0,1.0
595.0,1184.5,1184.5,NaN,116.0,1.0
596.0,1184.0,1184.0,NaN,117.0,1.0
597.0,1184.0,1184.0,NaN,120.0,1.0
598.0,1183.75,1183.75,NaN,120.0,1.0
599.0,1183.75,1183.75,NaN,119.0,1.0
600.0,1184.25,1183.5,1185.0,120.0,0.9459459459459459
601.0,1183.25,1183.25,NaN,119.0,1.0
602.0,1184.0,1184.0,NaN,116.0,1.0
603.0,1184.75,1184.0,1185.5,115.0,0.9393939393939394
604.0,1185.5,1185.5,NaN,118.0,1.0
605.0,1185.5,1185.5,NaN,119.0,1.0
606.0,1185.0,1185.0,NaN,115.0,1.0
607.0,1184.75,1184.75,NaN,116.0,1.0
608.0,1184.75,1184.75,NaN,119.0,1.0
609.0,1185.5,1185.5,NaN,118.0,1.0
610.0,1186.0,1186.0,NaN,117.0,1.0
611.0,1185.75,1185.75,NaN,113.0,1.0
612.0,1186.0,1186.0,NaN,116.0,1.0
613.0,1187.0,1187.0,NaN,115.0,1.0
614.0,1187.5,1187.5,NaN,119.0,1.0
615.0,1187.75,1187.75,NaN,117.0,1.0
616.0,1186.5,1186.5,NaN,118.0,1.0
617.0,1187.875,1187.25,1188.5,115.0,0.6666666666666666
618.0,1188.25,1188.25,NaN,118.0,1.0
619.0,1190.5,1189.75,1191.25,113.0,0.8666666666666667
620.0,1191.25,1191.25,NaN,117.0,1.0
621.0,1190.125,1189.75,1190.5,94.0,-0.4
622.0,1190.5,NaN,1190.5,61.0,-1.0
623.0,1190.875,1190.5,1191.25,68.0,0.8
624.0,1191.375,1190.75,1192.0,84.0,0.8571428571428571
625.0,1192.75,1192.0,1193.5,103.0,0.8
626.0,1192.5,1191.75,1193.25,107.0,0.8666666666666667
627.0,1191.25,1191.25,NaN,108.0,1.0
628.0,1193.5,1193.5,NaN,113.0,1.0
629.0,1194.25,1194.25,NaN,118.0,1.0
630.0,1194.0,1194.0,NaN,118.0,1.0
631.0,1194.25,1194.25,NaN,118.0,1.0
632.0,1194.75,1194.75,NaN,120.0,1.0
633.0,1194.375,1194.0,1194.75,103.0,-0.25925925925925924
634.0,1194.375,1194.0,1194.75,86.0,-0.84
635.0,1194.875,1194.5,1195.25,59.0,-0.8095238095238095
636.0,1196.0,NaN,1196.0,33.0,-1.0
637.0,1195.625,1195.25,1196.0,18.0,-0.7777777777777778
638.0,1196.0,NaN,1196.0,21.0,-1.0
639.0,1195.25,1194.75,1195.75,43.0,-0.7647058823529411
640.0,1194.375,1193.75,1195.0,62.0,-0.875
641.0,1194.125,1193.5,1194.75,78.0,-0.7333333333333333
642.0,1193.75,NaN,1193.75,99.0,-1.0
643.0,1193.5,NaN,1193.5,105.0,-1.0
644.0,1191.5,1190.5,1192.5,112.0,-0.8461538461538461
645.0,1191.375,1190.5,1192.25,110.0,-0.6666666666666666
646.0,1191.0,NaN,1191.0,119.0,-1.0
647.0,1191.5,NaN,1191.5,118.0,-1.0
648.0,1191.0,NaN,1191.0,119.0,-1.0
649.0,1190.75,NaN,1190.75,117.0,-1.0
650.0,1190.5,NaN,1190.5,115.0,-1.0
651.0,1189.25,NaN,1189.25,117.0,-1.0
652.0,1189.5,1189.0,1190.0,116.0,-0.75
653.0,1187.75,1187.0,1188.5,116.0,-0.75
654.0,1188.75,NaN,1188.75,117.0,-1.0
655.0,1188.75,NaN,1188.75,120.0,-1.0
656.0,1188.25,NaN,1188.25,118.0,-1.0
657.0,1188.5,NaN,1188.5,116.0,-1.0
658.0,1186.5,NaN,1186.5,117.0,-1.0
659.0,1185.75,1185.0,1186.5,117.0,-0.8888888888888888
660.0,1186.5,NaN,1186.5,116.0,-1.0
661.0,1186.5,NaN,1186.5,117.0,-1.0
662.0,1185.75,NaN,1185.75,118.0,-1.0
663.0,1186.5,NaN,1186.5,120.0,-1.0
664.0,1187.0,NaN,1187.0,118.0,-1.0
665.0,1187.25,NaN,1187.25,120.0,-1.0
666.0,1187.5,NaN,1187.5,120.0,-1.0
667.0,1185.5,NaN,1185.5,119.0,-1.0
668.0,1186.0,NaN,1186.0,119.0,-1.0
669.0,1185.5,NaN,1185.5,118.0,-1.0
670.0,1186.0,NaN,1186.0,120.0,-1.0
671.0,1185.75,NaN,1185.75,117.0,-1.0
672.0,1185.75,NaN,1185.75,118.0,-1.0
673.0,1185.75,NaN,1185.75,119.0,-1.0
674.0,1186.0,NaN,1186.0,120.0,-1.0
675.0,1186.0,NaN,1186.0,120.0,-1.0
676.0,1186.0,NaN,1186.0,120.0,-1.0
677.0,1186.25,NaN,1186.25,117.0,-1.0
678.0,1186.5,NaN,1186.5,119.0,-1.0
679.0,1186.5,NaN,1186.5,118.0,-1.0
680.0,1185.75,NaN,1185.75,116.0,-1.0
681.0,1183.5,1182.75,1184.25,117.0,-0.8461538461538461
682.0,1184.0,NaN,1184.0,118.0,-1.0
683.0,1184.25,NaN,1184.25,119.0,-1.0
684.0,1184.25,NaN,1184.25,119.0,-1.0
685.0,1184.25,NaN,1184.25,114.0,-1.0
686.0,1184.25,NaN,1184.25,118.0,-1.0
687.0,1184.25,NaN,1184.25,118.0,-1.0
688.0,1184.0,NaN,1184.0,117.0,-1.0
689.0,1180.375,1179.75,1181.0,115.0,-0.42857142857142855
690.0,1180.25,NaN,1180.25,118.0,-1.0
691.0,1179.0,1178.25,1179.75,117.0,-0.8888888888888888
692.0,1179.75,NaN,1179.75,119.0,-1.0
693.0,1180.25,NaN,1180.25,120.0,-1.0
694.0,1180.75,NaN,1180.75,120.0,-1.0
695.0,1181.0,NaN,1181.0,120.0,-1.0
696.0,1178.25,1178.0,1178.5,102.0,0.5
697.0,1174.75,1174.5,1175.0,91.0,0.7777777777777778
698.0,1172.5,1172.5,NaN,69.0,1.0
699.0,1173.0,1173.0,NaN,36.0,1.0
700.0,1172.5,1172.0,1173.0,16.0,0.75
701.0,1171.5,1171.5,NaN,18.0,1.0
702.0,1171.75,1171.25,1172.25,39.0,0.8666666666666667
703.0,1172.0,1171.25,1172.75,60.0,0.6666666666666666
704.0,1171.625,1171.0,1172.25,76.0,0.7777777777777778
705.0,1170.75,1170.25,1171.25,84.0,0.75
706.0,1172.25,1171.75,1172.75,100.0,0.6363636363636364
707.0,1173.0,1173.0,NaN,100.0,1.0
708.0,1174.5,1174.5,NaN,110.0,1.0
709.0,1175.0,1175.0,NaN,112.0,1.0
710.0,1176.375,1175.5,1177.25,113.0,0.8181818181818182
711.0,1177.0,1176.0,1178.0,112.0,0.8333333333333334
712.0,1176.0,1176.0,NaN,116.0,1.0
713.0,1176.875,1176.25,1177.5,109.0,0.6363636363636364
714.0,1175.5,1175.0,1176.0,103.0,0.06666666666666667
715.0,1177.5,1176.75,1178.25,109.0,0.7777777777777778
716.0,1179.125,1178.75,1179.5,81.0,-0.8571428571428571
717.0,1179.375,1179.0,1179.75,57.0,-0.875
718.0,1179.75,NaN,1179.75,38.0,-1.0
719.0,1179.0,1178.25,1179.75,30.0,-0.7419354838709677
720.0,1179.75,NaN,1179.75,29.0,-1.0
721.0,1178.75,1178.25,1179.25,47.0,-0.6842105263157895
722.0,1178.75,1178.25,1179.25,60.0,-0.8
723.0,1177.625,1176.75,1178.5,83.0,-0.6923076923076923
724.0,1178.0,NaN,1178.0,96.0,-1.0
725.0,1175.375,1174.75,1176.0,105.0,-0.5555555555555556
726.0,1176.75,1176.5,1177.0,93.0,-0.2
727.0,1172.0,1172.0,NaN,76.0,1.0
728.0,1171.0,1171.0,NaN,49.0,1.0
729.0,1170.375,1170.0,1170.75,33.0,0.6666666666666666
730.0,1170.0,1170.0,NaN,33.0,1.0
731.0,1169.0,1168.5,1169.5,33.0,0.7777777777777778
732.0,1167.0,1167.0,NaN,44.0,1.0
733.0,1167.25,1167.25,NaN,60.0,1.0
734.0,1167.25,1167.25,NaN,81.0,1.0
735.0,1167.75,1167.75,NaN,95.0,1.0
736.0,1167.375,1166.75,1168.0,97.0,0.9047619047619048
737.0,1167.0,1167.0,NaN,101.0,1.0
738.0,1167.25,1167.25,NaN,108.0,1.0
739.0,1167.75,1167.75,NaN,112.0,1.0
740.0,1170.0,1170.0,NaN,118.0,1.0
741.0,1170.0,1170.0,NaN,116.0,1.0
742.0,1169.75,1169.75,NaN,116.0,1.0
743.0,1170.25,1170.25,NaN,117.0,1.0
744.0,1170.0,1170.0,NaN,115.0,1.0
745.0,1171.25,1171.25,NaN,118.0,1.0
746.0,1172.0,1172.0,NaN,117.0,1.0
747.0,1173.5,1173.5,NaN,118.0,1.0
748.0,1173.25,1173.25,NaN,119.0,1.0
749.0,1173.0,1173.0,NaN,115.0,1.0
750.0,1173.25,1173.25,NaN,118.0,1.0
751.0,1173.0,1173.0,NaN,120.0,1.0
752.0,1172.875,1172.5,1173.25,118.0,0.8260869565217391
753.0,1172.75,1172.75,NaN,119.0,1.0
754.0,1172.25,1172.25,NaN,117.0,1.0
755.0,1172.0,1172.0,NaN,116.0,1.0
756.0,1172.0,1172.0,NaN,119.0,1.0
757.0,1171.5,1171.5,NaN,120.0,1.0
758.0,1171.0,1171.0,NaN,120.0,1.0
759.0,1170.75,1170.75,NaN,120.0,1.0
760.0,1170.5,1170.5,NaN,120.0,1.0
761.0,1170.5,1170.5,NaN,120.0,1.0
762.0,1171.5,1171.25,1171.75,96.0,-0.8181818181818182
763.0,1171.75,NaN,1171.75,80.0,-1.0
764.0,1173.875,1173.25,1174.5,87.0,0.14285714285714285
765.0,1173.75,1173.75,NaN,99.0,1.0
766.0,1175.0,NaN,1175.0,75.0,-1.0
767.0,1174.625,1174.0,1175.25,65.0,-0.3333333333333333
768.0,1175.125,1174.5,1175.75,81.0,0.2727272727272727
769.0,1175.375,1174.75,1176.0,96.0,0.4
770.0,1176.25,1176.25,NaN,114.0,1.0
771.0,1176.5,1176.5,NaN,117.0,1.0
772.0,1177.0,1176.25,1177.75,118.0,0.9
773.0,1176.5,1176.5,NaN,119.0,1.0
774.0,1176.5,1176.5,NaN,120.0,1.0
775.0,1176.0,1176.0,NaN,120.0,1.0
776.0,1176.25,1176.25,NaN,119.0,1.0
777.0,1177.375,1176.5,1178.25,116.0,0.875
778.0,1177.25,1177.25,NaN,116.0,1.0
779.0,1176.75,1176.75,NaN,117.0,1.0
780.0,1177.75,1177.75,NaN,116.0,1.0
781.0,1177.75,1177.75,NaN,116.0,1.0
782.0,1177.75,1177.75,NaN,119.0,1.0
783.0,1177.25,1177.25,NaN,119.0,1.0
784.0,1178.25,1178.25,NaN,119.0,1.0
785.0,1178.0,1178.0,NaN,120.0,1.0
786.0,1178.0,1178.0,NaN,116.0,1.0
787.0,1177.5,1177.5,NaN,120.0,1.0
788.0,1177.625,1177.0,1178.25,112.0,0.8518518518518519
789.0,1180.0,1180.0,NaN,116.0,1.0
790.0,1179.5,1179.5,NaN,108.0,1.0
791.0,1182.625,1182.0,1183.25,83.0,-0.5555555555555556
792.0,1184.25,NaN,1184.25,67.0,-1.0
793.0,1184.625,1184.25,1185.0,47.0,-0.4782608695652174
794.0,1185.375,1185.0,1185.75,28.0,-0.7777777777777778
795.0,1185.75,1185.25,1186.25,21.0,-0.7647058823529411
796.0,1185.5,1185.5,NaN,27.0,1.0
797.0,1185.0,1184.5,1185.5,46.0,0.8461538461538461
798.0,1184.0,1184.0,NaN,63.0,1.0
799.0,1184.5,1184.5,NaN,81.0,1.0
800.0,1186.25,1186.25,NaN,98.0,1.0
801.0,1188.375,1187.75,1189.0,91.0,0.0
802.0,1187.5,1186.5,1188.5,84.0,-0.058823529411764705
803.0,1190.0,NaN,1190.0,56.0,-1.0
804.0,1189.625,1188.75,1190.5,37.0,-0.6470588235294118
805.0,1190.75,NaN,1190.75,20.0,-1.0
806.0,1190.0,1189.5,1190.5,31.0,-0.875
807.0,1189.75,1189.25,1190.25,22.0,0.6923076923076923
808.0,1189.5,1189.0,1190.0,18.0,0.8888888888888888
809.0,1189.375,1188.5,1190.25,32.0,0.6
810.0,1189.375,1188.75,1190.0,60.0,0.7894736842105263
811.0,1188.75,1188.75,NaN,83.0,1.0
812.0,1192.0,1191.25,1192.75,100.0,0.6666666666666666
813.0,1191.5,1190.75,1192.25,105.0,0.8666666666666667
814.0,1191.5,1191.5,NaN,115.0,1.0
815.0,1192.5,1191.75,1193.25,114.0,0.9166666666666666
816.0,1191.75,1191.75,NaN,118.0,1.0
817.0,1191.5,1191.5,NaN,119.0,1.0
818.0,1191.5,1191.5,NaN,115.0,1.0
819.0,1191.5,1191.5,NaN,117.0,1.0
820.0,1191.25,1191.25,NaN,118.0,1.0
821.0,1191.25,1191.25,NaN,117.0,1.0
822.0,1192.25,1192.25,NaN,117.0,1.0
823.0,1191.75,1191.75,NaN,119.0,1.0
824.0,1191.5,1191.5,NaN,114.0,1.0
825.0,1193.5,1192.75,1194.25,117.0,0.7777777777777778
826.0,1194.25,1194.25,NaN,116.0,1.0
827.0,1195.75,1195.75,NaN,117.0,1.0
828.0,1195.5,1195.5,NaN,118.0,1.0
829.0,1194.75,1194.75,NaN,119.0,1.0
830.0,1195.5,1194.75,1196.25,116.0,0.9259259259259259
831.0,1196.0,1195.75,1196.25,84.0,-0.7777777777777778
832.0,1198.0,NaN,1198.0,65.0,-1.0
833.0,1199.0,NaN,1199.0,56.0,-1.0
834.0,1199.75,1199.5,1200.0,49.0,-0.8181818181818182
835.0,1201.0,NaN,1201.0,43.0,-1.0
836.0,1200.125,1199.5,1200.75,49.0,-0.42857142857142855
837.0,1199.875,1199.25,1200.5,61.0,-0.8666666666666667
838.0,1201.0,NaN,1201.0,65.0,-1.0
839.0,1199.375,1198.75,1200.0,79.0,-0.75
840.0,1196.625,1196.0,1197.25,95.0,-0.09090909090909091
841.0,1195.375,1194.75,1196.0,103.0,-0.5
842.0,1195.0,NaN,1195.0,115.0,-1.0
843.0,1192.625,1192.0,1193.25,115.0,-0.8461538461538461
844.0,1193.5,NaN,1193.5,117.0,-1.0
845.0,1194.0,NaN,1194.0,119.0,-1.0
846.0,1194.0,NaN,1194.0,119.0,-1.0
847.0,1193.75,1193.0,1194.5,118.0,-0.9259259259259259
848.0,1195.0,NaN,1195.0,116.0,-1.0
849.0,1193.25,NaN,1193.25,116.0,-1.0
850.0,1191.25,NaN,1191.25,118.0,-1.0
851.0,1190.5,NaN,1190.5,118.0,-1.0
852.0,1190.0,NaN,1190.0,116.0,-1.0
853.0,1190.0,NaN,1190.0,116.0,-1.0
854.0,1189.75,1189.0,1190.5,117.0,-0.9
855.0,1190.25,NaN,1190.25,120.0,-1.0
856.0,1189.75,NaN,1189.75,119.0,-1.0
857.0,1190.25,NaN,1190.25,117.0,-1.0
858.0,1189.5,NaN,1189.5,113.0,-1.0
859.0,1188.75,NaN,1188.75,119.0,-1.0
860.0,1188.5,NaN,1188.5,116.0,-1.0
861.0,1187.5,NaN,1187.5,117.0,-1.0
862.0,1187.25,NaN,1187.25,117.0,-1.0
863.0,1187.0,NaN,1187.0,118.0,-1.0
864.0,1184.5,1183.75,1185.25,116.0,-0.75
865.0,1189.75,NaN,1189.75,105.0,-1.0
866.0,1187.75,NaN,1187.75,115.0,-1.0
867.0,1187.5,NaN,1187.5,119.0,-1.0
868.0,1187.5,NaN,1187.5,117.0,-1.0
869.0,1187.75,NaN,1187.75,116.0,-1.0
870.0,1186.5,NaN,1186.5,116.0,-1.0
871.0,1183.5,NaN,1183.5,118.0,-1.0
872.0,1183.5,NaN,1183.5,115.0,-1.0
873.0,1182.25,NaN,1182.25,119.0,-1.0
874.0,1182.5,NaN,1182.5,119.0,-1.0
875.0,1180.75,1180.0,1181.5,119.0,-0.9130434782608695
876.0,1180.5,NaN,1180.5,117.0,-1.0
877.0,1180.75,NaN,1180.75,120.0,-1.0
878.0,1180.75,NaN,1180.75,120.0,-1.0
879.0,1180.75,NaN,1180.75,120.0,-1.0
880.0,1180.5,NaN,1180.5,119.0,-1.0
881.0,1180.25,NaN,1180.25,120.0,-1.0
882.0,1181.0,NaN,1181.0,119.0,-1.0
883.0,1180.75,NaN,1180.75,118.0,-1.0
884.0,1180.0,NaN,1180.0,116.0,-1.0
885.0,1180.25,NaN,1180.25,119.0,-1.0
886.0,1179.5,1179.0,1180.0,119.0,-0.8666666666666667
887.0,1179.25,NaN,1179.25,114.0,-1.0
888.0,1177.75,NaN,1177.75,116.0,-1.0
889.0,1177.75,NaN,1177.75,119.0,-1.0
890.0,1177.25,1176.5,1178.0,120.0,-0.9047619047619048
891.0,1177.75,NaN,1177.75,117.0,-1.0
892.0,1178.25,1178.25,NaN,97.0,1.0
893.0,1176.5,1176.25,1176.75,78.0,0.2
894.0,1173.875,1173.0,1174.75,68.0,0.45454545454545453
895.0,1171.0,1171.0,NaN,46.0,1.0
896.0,1170.75,1170.25,1171.25,31.0,0.5294117647058824
897.0,1169.875,1169.25,1170.5,32.0,0.8571428571428571
898.0,1168.5,1167.75,1169.25,41.0,0.8333333333333334
899.0,1166.75,1166.75,NaN,54.0,1.0
900.0,1166.0,1166.0,NaN,69.0,1.0
901.0,1166.625,1166.0,1167.25,72.0,0.5
902.0,1167.625,1167.25,1168.0,49.0,-0.5789473684210527
903.0,1167.75,NaN,1167.75,31.0,-1.0
904.0,1164.75,1164.75,NaN,56.0,1.0
905.0,1166.125,1165.75,1166.5,36.0,-0.875
906.0,1167.0,NaN,1167.0,28.0,-1.0
907.0,1166.375,1165.75,1167.0,38.0,-0.9375
908.0,1167.0,NaN,1167.0,51.0,-1.0
909.0,1166.25,NaN,1166.25,78.0,-1.0
910.0,1166.25,NaN,1166.25,93.0,-1.0
911.0,1164.75,NaN,1164.75,103.0,-1.0
912.0,1163.25,1162.25,1164.25,95.0,-0.2222222222222222
913.0,1161.0,1161.0,NaN,82.0,1.0
914.0,1159.5,1159.5,NaN,67.0,1.0
915.0,1158.625,1158.0,1159.25,50.0,-0.043478260869565216
916.0,1157.625,1157.0,1158.25,24.0,0.8888888888888888
917.0,1156.5,1156.0,1157.0,20.0,0.8461538461538461
918.0,1155.125,1154.5,1155.75,19.0,0.8181818181818182
919.0,1153.25,1153.25,NaN,39.0,1.0
920.0,1152.5,1152.5,NaN,53.0,1.0
921.0,1153.875,1153.25,1154.5,67.0,0.7333333333333333
922.0,1154.125,1153.5,1154.75,82.0,0.8571428571428571
923.0,1155.5,1155.5,NaN,103.0,1.0
924.0,1156.0,1155.75,1156.25,88.0,-0.7333333333333333
925.0,1156.25,NaN,1156.25,60.0,-1.0
926.0,1157.0,NaN,1157.0,42.0,-1.0
927.0,1156.375,1156.0,1156.75,20.0,-0.7857142857142857
928.0,1156.25,1155.75,1156.75,19.0,-0.6666666666666666
929.0,1156.5,1155.75,1157.25,25.0,-0.18518518518518517
930.0,1155.0,1154.5,1155.5,25.0,0.875
931.0,1154.75,1154.0,1155.5,33.0,0.7142857142857143
932.0,1154.125,1153.75,1154.5,49.0,0.6153846153846154
933.0,1153.5,1153.5,NaN,68.0,1.0
934.0,1155.625,1155.0,1156.25,83.0,0.4
935.0,1155.125,1154.5,1155.75,87.0,0.5714285714285714
936.0,1155.0,1155.0,NaN,101.0,1.0
937.0,1155.0,1154.25,1155.75,103.0,0.9130434782608695
938.0,1154.75,1154.75,NaN,108.0,1.0
939.0,1156.5,1156.0,1157.0,109.0,0.25
940.0,1156.0,1156.0,NaN,116.0,1.0
941.0,1156.25,1156.25,NaN,114.0,1.0
942.0,1156.75,1156.75,NaN,117.0,1.0
943.0,1157.75,1157.75,NaN,116.0,1.0
944.0,1156.5,1156.5,NaN,111.0,1.0
945.0,1157.5,1157.5,NaN,120.0,1.0
946.0,1158.25,1157.5,1159.0,116.0,0.8571428571428571
947.0,1157.875,1157.25,1158.5,115.0,0.7647058823529411
948.0,1158.25,1158.25,NaN,118.0,1.0
949.0,1158.0,1158.0,NaN,118.0,1.0
950.0,1158.0,1158.0,NaN,120.0,1.0
951.0,1157.5,1157.5,NaN,119.0,1.0
952.0,1157.5,1157.5,NaN,117.0,1.0
953.0,1158.25,1158.25,NaN,116.0,1.0
954.0,1159.0,1159.0,NaN,118.0,1.0
955.0,1159.0,1159.0,NaN,116.0,1.0
956.0,1159.0,1159.0,NaN,119.0,1.0
957.0,1159.0,1159.0,NaN,120.0,1.0
958.0,1159.0,1159.0,NaN,119.0,1.0
959.0,1159.875,1159.5,1160.25,115.0,0.84
960.0,1161.125,1160.75,1161.5,116.0,0.7142857142857143
961.0,1160.75,1160.75,NaN,119.0,1.0
962.0,1160.0,1160.0,NaN,119.0,1.0
963.0,1159.75,1159.75,NaN,117.0,1.0
964.0,1159.75,1159.75,NaN,117.0,1.0
965.0,1161.875,1161.0,1162.75,115.0,0.6190476190476191
966.0,1162.25,1162.25,NaN,114.0,1.0
967.0,1163.5,1163.25,1163.75,113.0,0.7142857142857143
968.0,1163.75,1163.75,NaN,118.0,1.0
969.0,1164.25,1163.5,1165.0,115.0,0.9090909090909091
970.0,1163.5,1163.5,NaN,119.0,1.0
971.0,1163.5,1163.5,NaN,119.0,1.0
972.0,1163.25,1163.25,NaN,119.0,1.0
973.0,1163.75,1163.75,NaN,117.0,1.0
974.0,1165.25,1165.25,NaN,117.0,1.0
975.0,1164.75,1164.75,NaN,120.0,1.0
976.0,1164.75,1164.75,NaN,118.0,1.0
977.0,1165.5,1164.75,1166.25,116.0,0.8888888888888888
978.0,1164.5,1164.5,NaN,117.0,1.0
979.0,1164.75,1164.75,NaN,118.0,1.0
980.0,1164.5,1164.5,NaN,120.0,1.0
981.0,1164.75,1164.75,NaN,116.0,1.0
982.0,1165.0,1165.0,NaN,117.0,1.0
983.0,1165.25,1165.25,NaN,117.0,1.0
984.0,1165.5,1164.75,1166.25,114.0,0.9130434782608695
985.0,1164.5,1164.5,NaN,115.0,1.0
986.0,1170.0,NaN,1170.0,86.0,-1.0
987.0,1172.25,NaN,1172.25,70.0,-1.0
988.0,1173.0,NaN,1173.0,53.0,-1.0
989.0,1173.25,NaN,1173.25,29.0,-1.0
990.0,1172.75,1172.25,1173.25,26.0,-0.8823529411764706
991.0,1173.75,NaN,1173.75,27.0,-1.0
992.0,1173.125,1172.5,1173.75,43.0,-0.8260869565217391
993.0,1173.5,NaN,1173.5,64.0,-1.0
994.0,1172.125,1171.5,1172.75,88.0,-0.875
995.0,1172.0,NaN,1172.0,107.0,-1.0
996.0,1171.75,NaN,1171.75,115.0,-1.0
997.0,1171.75,NaN,1171.75,117.0,-1.0
998.0,1171.0,1170.25,1171.75,116.0,-0.8620689655172413
999.0,1171.75,NaN,1171.75,118.0,-1.0
1000.0,1172.25,NaN,1172.25,116.0,-1.0
1001.0,1171.125,1171.0,1171.25,117.0,-0.9166666666666666
1002.0,1169.0,1168.5,1169.5,116.0,-0.8181818181818182
1003.0,1168.375,1168.0,1168.75,119.0,-0.8947368421052632
1004.0,1168.5,NaN,1168.5,119.0,-1.0
1005.0,1167.875,1167.25,1168.5,114.0,-0.6470588235294118
1006.0,1168.75,NaN,1168.75,116.0,-1.0
1007.0,1169.5,NaN,1169.5,117.0,-1.0
1008.0,1169.0,1168.25,1169.75,113.0,-0.9428571428571428
1009.0,1169.5,NaN,1169.5,116.0,-1.0
1010.0,1169.0,1168.25,1169.75,117.0,-0.9473684210526315
1011.0,1170.0,NaN,1170.0,120.0,-1.0
1012.0,1169.5,NaN,1169.5,118.0,-1.0
1013.0,1169.75,NaN,1169.75,116.0,-1.0
1014.0,1169.75,NaN,1169.75,116.0,-1.0
1015.0,1169.5,NaN,1169.5,116.0,-1.0
1016.0,1168.625,1168.5,1168.75,116.0,-0.5714285714285714
1017.0,1168.25,NaN,1168.25,115.0,-1.0
1018.0,1166.75,NaN,1166.75,118.0,-1.0
1019.0,1166.0,NaN,1166.0,119.0,-1.0
1020.0,1166.5,NaN,1166.5,119.0,-1.0
1021.0,1165.5,NaN,1165.5,118.0,-1.0
1022.0,1165.5,NaN,1165.5,118.0,-1.0
1023.0,1165.75,NaN,1165.75,118.0,-1.0
1024.0,1165.5,NaN,1165.5,119.0,-1.0
1025.0,1165.75,NaN,1165.75,120.0,-1.0
1026.0,1165.75,NaN,1165.75,119.0,-1.0
1027.0,1165.75,NaN,1165.75,118.0,-1.0
1028.0,1165.25,NaN,1165.25,116.0,-1.0
1029.0,1165.0,NaN,1165.0,119.0,-1.0
1030.0,1164.5,NaN,1164.5,120.0,-1.0
1031.0,1164.5,NaN,1164.5,120.0,-1.0
1032.0,1164.5,NaN,1164.5,120.0,-1.0
1033.0,1163.75,1163.0,1164.5,120.0,-0.95
1034.0,1164.5,NaN,1164.5,120.0,-1.0
1035.0,1165.0,NaN,1165.0,118.0,-1.0
1036.0,1165.0,NaN,1165.0,118.0,-1.0
1037.0,1164.25,NaN,1164.25,117.0,-1.0
1038.0,1164.75,NaN,1164.75,118.0,-1.0
1039.0,1165.25,NaN,1165.25,120.0,-1.0
1040.0,1165.25,NaN,1165.25,120.0,-1.0
1041.0,1165.25,NaN,1165.25,119.0,-1.0
1042.0,1165.5,NaN,1165.5,120.0,-1.0
1043.0,1165.5,NaN,1165.5,120.0,-1.0
1044.0,1164.25,1163.5,1165.0,115.0,-0.9428571428571428
1045.0,1164.75,NaN,1164.75,119.0,-1.0
1046.0,1165.0,NaN,1165.0,119.0,-1.0
1047.0,1165.0,NaN,1165.0,120.0,-1.0
1048.0,1165.0,NaN,1165.0,120.0,-1.0
1049.0,1165.0,NaN,1165.0,115.0,-1.0
1050.0,1163.75,NaN,1163.75,116.0,-1.0
1051.0,1164.0,NaN,1164.0,119.0,-1.0
1052.0,1164.0,NaN,1164.0,115.0,-1.0
1053.0,1164.0,NaN,1164.0,116.0,-1.0
1054.0,1164.0,NaN,1164.0,116.0,-1.0
1055.0,1162.0,NaN,1162.0,116.0,-1.0
1056.0,1161.0,NaN,1161.0,117.0,-1.0
1057.0,1161.5,NaN,1161.5,115.0,-1.0
1058.0,1159.75,NaN,1159.75,119.0,-1.0
1059.0,1160.25,NaN,1160.25,117.0,-1.0
1060.0,1159.25,1158.5,1160.0,117.0,-0.9
1061.0,1160.0,NaN,1160.0,120.0,-1.0
1062.0,1160.0,NaN,1160.0,120.0,-1.0
1063.0,1159.5,NaN,1159.5,116.0,-1.0
1064.0,1157.0,NaN,1157.0,114.0,-1.0
1065.0,1157.25,NaN,1157.25,118.0,-1.0
1066.0,1157.25,NaN,1157.25,120.0,-1.0
1067.0,1157.25,NaN,1157.25,119.0,-1.0
1068.0,1157.5,NaN,1157.5,117.0,-1.0
1069.0,1156.75,1156.0,1157.5,117.0,-0.8823529411764706
1070.0,1157.25,NaN,1157.25,116.0,-1.0
1071.0,1157.5,NaN,1157.5,118.0,-1.0
1072.0,1158.25,NaN,1158.25,117.0,-1.0
1073.0,1158.25,NaN,1158.25,120.0,-1.0
1074.0,1158.25,NaN,1158.25,118.0,-1.0
1075.0,1158.25,NaN,1158.25,120.0,-1.0
1076.0,1156.875,1156.0,1157.75,114.0,-0.9393939393939394
1077.0,1155.0,NaN,1155.0,118.0,-1.0
1078.0,1152.5,NaN,1152.5,116.0,-1.0
1079.0,1152.0,NaN,1152.0,117.0,-1.0
1080.0,1152.0,NaN,1152.0,119.0,-1.0
1081.0,1152.25,NaN,1152.25,118.0,-1.0
1082.0,1152.25,NaN,1152.25,120.0,-1.0
1083.0,1152.0,NaN,1152.0,119.0,-1.0
1084.0,1151.5,1150.75,1152.25,117.0,-0.9310344827586207
1085.0,1150.625,1149.75,1151.5,115.0,-0.8571428571428571
1086.0,1151.25,NaN,1151.25,118.0,-1.0
1087.0,1151.75,NaN,1151.75,120.0,-1.0
1088.0,1151.5,NaN,1151.5,119.0,-1.0
1089.0,1152.0,NaN,1152.0,120.0,-1.0
1090.0,1151.5,NaN,1151.5,116.0,-1.0
1091.0,1149.5,NaN,1149.5,118.0,-1.0
1092.0,1149.125,1149.0,1149.25,118.0,-0.6923076923076923
1093.0,1149.25,NaN,1149.25,118.0,-1.0
1094.0,1149.0,NaN,1149.0,116.0,-1.0
1095.0,1148.5,NaN,1148.5,120.0,-1.0
1096.0,1148.0,1148.0,NaN,97.0,1.0
1097.0,1146.0,1145.75,1146.25,85.0,0.3333333333333333
1098.0,1142.0,1141.75,1142.25,71.0,0.2
1099.0,1138.25,1138.25,NaN,58.0,1.0
1100.0,1137.5,1137.0,1138.0,35.0,0.6923076923076923
1101.0,1135.5,1135.5,NaN,30.0,1.0
1102.0,1134.75,1134.75,NaN,30.0,1.0
1103.0,1134.0,1133.5,1134.5,35.0,0.7777777777777778
1104.0,1133.25,1133.25,NaN,53.0,1.0
1105.0,1133.75,1133.75,NaN,69.0,1.0
1106.0,1133.875,1133.25,1134.5,78.0,0.8947368421052632
1107.0,1135.375,1134.75,1136.0,95.0,0.6363636363636364
1108.0,1137.0,1136.25,1137.75,106.0,0.3333333333333333
1109.0,1136.25,1136.25,NaN,111.0,1.0
1110.0,1138.0,1138.0,NaN,112.0,1.0
1111.0,1138.75,1138.0,1139.5,119.0,0.8947368421052632
1112.0,1138.25,1138.25,NaN,116.0,1.0
1113.0,1138.0,1138.0,NaN,116.0,1.0
1114.0,1138.25,1138.25,NaN,115.0,1.0
1115.0,1138.25,1138.25,NaN,116.0,1.0
1116.0,1138.25,1138.25,NaN,116.0,1.0
1117.0,1138.25,1138.25,NaN,118.0,1.0
1118.0,1138.375,1138.0,1138.75,117.0,0.8709677419354839
1119.0,1138.75,1138.0,1139.5,119.0,0.9333333333333333
1120.0,1138.0,1138.0,NaN,118.0,1.0
1121.0,1137.5,1137.5,NaN,119.0,1.0
1122.0,1137.25,1137.25,NaN,118.0,1.0
1123.0,1137.75,1137.75,NaN,118.0,1.0
1124.0,1137.25,1137.25,NaN,117.0,1.0
1125.0,1138.125,1137.5,1138.75,115.0,0.8666666666666667
1126.0,1139.0,1138.25,1139.75,112.0,0.5714285714285714
1127.0,1139.125,1138.5,1139.75,117.0,0.6470588235294118
1128.0,1139.125,1138.5,1139.75,114.0,0.7647058823529411
1129.0,1138.5,1138.5,NaN,114.0,1.0
1130.0,1138.5,1138.5,NaN,114.0,1.0
1131.0,1139.5,1139.5,NaN,119.0,1.0
1132.0,1139.0,1139.0,NaN,116.0,1.0
1133.0,1138.5,1138.5,NaN,119.0,1.0
1134.0,1138.75,1138.75,NaN,119.0,1.0
1135.0,1138.75,1138.75,NaN,119.0,1.0
1136.0,1139.75,1139.75,NaN,119.0,1.0
1137.0,1139.75,1139.75,NaN,115.0,1.0
1138.0,1139.5,1139.5,NaN,115.0,1.0
1139.0,1139.75,1139.75,NaN,117.0,1.0
1140.0,1139.25,1139.25,NaN,119.0,1.0
1141.0,1138.75,1138.75,NaN,114.0,1.0
1142.0,1139.375,1139.0,1139.75,115.0,0.8
1143.0,1138.75,1138.75,NaN,119.0,1.0
1144.0,1139.75,1139.75,NaN,116.0,1.0
1145.0,1140.0,1140.0,NaN,117.0,1.0
1146.0,1139.75,1139.75,NaN,116.0,1.0
1147.0,1140.0,1139.25,1140.75,111.0,0.9259259259259259
1148.0,1140.25,1139.5,1141.0,117.0,0.9259259259259259
1149.0,1141.25,1141.25,NaN,116.0,1.0
1150.0,1140.5,1140.5,NaN,117.0,1.0
1151.0,1140.25,1140.25,NaN,118.0,1.0
1152.0,1140.75,1140.75,NaN,119.0,1.0
1153.0,1142.0,1142.0,NaN,117.0,1.0
1154.0,1142.5,1142.5,NaN,113.0,1.0
1155.0,1143.75,1143.75,NaN,120.0,1.0
1156.0,1143.5,1143.5,NaN,116.0,1.0
1157.0,1144.0,1144.0,NaN,119.0,1.0
1158.0,1144.0,1144.0,NaN,117.0,1.0
1159.0,1144.75,1144.75,NaN,115.0,1.0
1160.0,1144.0,1144.0,NaN,114.0,1.0
1161.0,1145.5,1145.5,NaN,118.0,1.0
1162.0,1145.25,1145.25,NaN,119.0,1.0
1163.0,1145.5,1145.5,NaN,119.0,1.0
1164.0,1145.5,1145.5,NaN,119.0,1.0
1165.0,1145.25,1145.25,NaN,114.0,1.0
1166.0,1147.75,1147.75,NaN,112.0,1.0
1167.0,1149.5,1149.5,NaN,117.0,1.0
1168.0,1150.0,1150.0,NaN,116.0,1.0
1169.0,1149.75,1149.75,NaN,119.0,1.0
1170.0,1149.25,1149.25,NaN,120.0,1.0
1171.0,1149.5,1149.5,NaN,118.0,1.0
1172.0,1148.75,1148.75,NaN,119.0,1.0
1173.0,1148.25,1148.25,NaN,117.0,1.0
1174.0,1148.5,1148.5,NaN,119.0,1.0
1175.0,1148.0,1148.0,NaN,118.0,1.0
1176.0,1148.25,1148.25,NaN,119.0,1.0
1177.0,1148.25,1148.25,NaN,118.0,1.0
1178.0,1147.75,1147.75,NaN,118.0,1.0
1179.0,1148.5,1147.75,1149.25,116.0,0.9487179487179487
1180.0,1148.75,1148.75,NaN,118.0,1.0
1181.0,1150.0,1149.25,1150.75,115.0,0.8181818181818182
1182.0,1149.25,1149.25,NaN,118.0,1.0
1183.0,1148.5,1148.5,NaN,116.0,1.0
1184.0,1148.5,1148.5,NaN,118.0,1.0
1185.0,1150.25,1149.5,1151.0,117.0,0.8
1186.0,1152.25,1152.25,NaN,119.0,1.0
1187.0,1152.0,1152.0,NaN,120.0,1.0
1188.0,1152.5,1152.5,NaN,117.0,1.0
1189.0,1152.25,1152.25,NaN,118.0,1.0
1190.0,1152.25,1152.25,NaN,117.0,1.0
1191.0,1153.0,1153.0,NaN,116.0,1.0
1192.0,1153.75,1153.75,NaN,117.0,1.0
1193.0,1154.75,1154.0,1155.5,113.0,0.8333333333333334
1194.0,1154.25,1154.25,NaN,119.0,1.0
1195.0,1154.0,1154.0,NaN,118.0,1.0
1196.0,1153.75,1153.75,NaN,120.0,1.0
1197.0,1153.75,1153.75,NaN,118.0,1.0
1198.0,1155.875,1155.25,1156.5,113.0,0.7142857142857143
1199.0,1156.75,1156.75,NaN,120.0,1.0
1200.0,1156.5,1156.5,NaN,119.0,1.0
1201.0,1155.5,1155.5,NaN,118.0,1.0
1202.0,1155.75,1155.75,NaN,116.0,1.0
1203.0,1155.5,1155.5,NaN,119.0,1.0
1204.0,1155.75,1155.75,NaN,118.0,1.0
1205.0,1155.75,1155.75,NaN,117.0,1.0
1206.0,1156.0,1156.0,NaN,119.0,1.0
1207.0,1156.5,1155.75,1157.25,119.0,0.9411764705882353
1208.0,1155.5,1155.5,NaN,120.0,1.0
1209.0,1155.25,1155.25,NaN,120.0,1.0
1210.0,1155.5,1155.5,NaN,119.0,1.0
1211.0,1155.75,1155.0,1156.5,119.0,0.9333333333333333
1212.0,1157.25,1157.25,NaN,118.0,1.0
1213.0,1157.25,1157.25,NaN,120.0,1.0
1214.0,1157.0,1157.0,NaN,120.0,1.0
1215.0,1156.75,1156.75,NaN,120.0,1.0
1216.0,1156.5,1156.5,NaN,120.0,1.0
1217.0,1157.0,1157.0,NaN,118.0,1.0
1218.0,1156.25,1156.25,NaN,119.0,1.0
1219.0,1156.5,1156.5,NaN,119.0,1.0
1220.0,1153.75,1153.5,1154.0,90.0,-0.3333333333333333
1221.0,1155.5,NaN,1155.5,61.0,-1.0
1222.0,1156.125,1155.75,1156.5,38.0,-0.625
1223.0,1157.25,1156.75,1157.75,25.0,-0.8
1224.0,1158.0,NaN,1158.0,25.0,-1.0
1225.0,1158.5,NaN,1158.5,35.0,-1.0
1226.0,1158.75,NaN,1158.75,55.0,-1.0
1227.0,1157.5,1156.75,1158.25,67.0,-0.8571428571428571
1228.0,1156.5,NaN,1156.5,86.0,-1.0
1229.0,1156.0,NaN,1156.0,96.0,-1.0
1230.0,1153.25,1152.75,1153.75,107.0,-0.2727272727272727
1231.0,1153.875,1153.5,1154.25,115.0,-0.6
1232.0,1154.75,NaN,1154.75,116.0,-1.0
1233.0,1153.5,NaN,1153.5,118.0,-1.0
1234.0,1154.75,1153.75,1155.75,103.0,0.0
1235.0,1151.75,1151.75,NaN,77.0,1.0
1236.0,1149.75,1149.75,NaN,65.0,1.0
1237.0,1149.0,1149.0,NaN,48.0,1.0
1238.0,1148.375,1148.0,1148.75,36.0,0.8666666666666667
1239.0,1148.5,1147.75,1149.25,30.0,0.5714285714285714
1240.0,1148.25,1147.5,1149.0,33.0,0.875
1241.0,1147.625,1147.0,1148.25,44.0,0.6
1242.0,1147.625,1147.0,1148.25,62.0,0.5294117647058824
1243.0,1147.75,1147.0,1148.5,83.0,0.6470588235294118
1244.0,1148.875,1148.25,1149.5,96.0,0.8
1245.0,1150.5,1150.5,NaN,110.0,1.0
1246.0,1151.25,1150.5,1152.0,111.0,0.8947368421052632
1247.0,1152.75,1152.0,1153.5,112.0,0.8181818181818182
1248.0,1153.0,1152.25,1153.75,116.0,0.8888888888888888
1249.0,1152.75,1152.75,NaN,114.0,1.0
1250.0,1152.0,1152.0,NaN,113.0,1.0
1251.0,1154.75,1154.0,1155.5,111.0,0.7777777777777778
1252.0,1154.25,1154.25,NaN,118.0,1.0
1253.0,1154.0,1154.0,NaN,120.0,1.0
1254.0,1155.625,1155.25,1156.0,118.0,0.6
1255.0,1155.0,1154.25,1155.75,116.0,0.8888888888888888
1256.0,1153.5,1153.5,NaN,116.0,1.0
1257.0,1154.25,1154.25,NaN,117.0,1.0
1258.0,1153.5,1153.5,NaN,118.0,1.0
1259.0,1155.25,1154.5,1156.0,116.0,0.7777777777777778
1260.0,1155.0,1154.75,1155.25,114.0,0.8666666666666667
1261.0,1154.25,NaN,1154.25,83.0,-1.0
1262.0,1153.875,1153.5,1154.25,72.0,-0.84
1263.0,1154.375,1153.75,1155.0,92.0,0.8181818181818182
1264.0,1155.25,1154.5,1156.0,109.0,0.8
1265.0,1156.625,1156.25,1157.0,86.0,-0.6470588235294118
1266.0,1158.0,NaN,1158.0,59.0,-1.0
1267.0,1158.25,NaN,1158.25,35.0,-1.0
1268.0,1157.375,1156.75,1158.0,44.0,0.5
1269.0,1157.25,1156.5,1158.0,53.0,0.7142857142857143
1270.0,1159.0,1158.25,1159.75,75.0,0.7777777777777778
1271.0,1159.25,1159.25,NaN,97.0,1.0
1272.0,1160.25,1160.25,NaN,107.0,1.0
1273.0,1162.125,1161.25,1163.0,106.0,0.8333333333333334
1274.0,1164.875,1164.25,1165.5,112.0,0.6363636363636364
1275.0,1165.125,1164.25,1166.0,112.0,0.7333333333333333
1276.0,1166.25,1165.5,1167.0,115.0,0.8333333333333334
1277.0,1167.5,1167.5,NaN,114.0,1.0
1278.0,1171.0,1170.25,1171.75,114.0,0.875
1279.0,1171.25,1171.25,NaN,118.0,1.0
1280.0,1171.25,1171.25,NaN,115.0,1.0
1281.0,1172.25,1172.25,NaN,117.0,1.0
1282.0,1172.5,1172.5,NaN,117.0,1.0
1283.0,1172.25,1172.25,NaN,117.0,1.0
1284.0,1172.5,1172.5,NaN,117.0,1.0
1285.0,1172.5,1172.5,NaN,118.0,1.0
1286.0,1173.5,1172.75,1174.25,116.0,0.9166666666666666
1287.0,1173.25,1173.25,NaN,118.0,1.0
1288.0,1173.0,1173.0,NaN,120.0,1.0
1289.0,1173.0,1173.0,NaN,119.0,1.0
1290.0,1173.0,1173.0,NaN,119.0,1.0
1291.0,1173.25,1173.25,NaN,119.0,1.0
1292.0,1173.25,1173.25,NaN,118.0,1.0
1293.0,1173.5,1173.5,NaN,119.0,1.0
1294.0,1172.75,1172.75,NaN,118.0,1.0
1295.0,1173.0,1173.0,NaN,120.0,1.0
1296.0,1172.5,1172.5,NaN,117.0,1.0
1297.0,1172.5,1172.5,NaN,115.0,1.0
1298.0,1172.5,1172.5,NaN,118.0,1.0
1299.0,1173.0,1173.0,NaN,117.0,1.0
1300.0,1173.25,1173.25,NaN,118.0,1.0
1301.0,1173.5,1173.5,NaN,117.0,1.0
1302.0,1173.75,1173.75,NaN,117.0,1.0
1303.0,1174.25,1174.25,NaN,114.0,1.0
1304.0,1174.75,1174.75,NaN,116.0,1.0
1305.0,1175.0,1175.0,NaN,117.0,1.0
1306.0,1175.25,1175.25,NaN,114.0,1.0
1307.0,1175.5,1175.5,NaN,116.0,1.0
1308.0,1175.0,1175.0,NaN,118.0,1.0
1309.0,1175.625,1175.0,1176.25,118.0,0.5
1310.0,1174.75,1174.75,NaN,113.0,1.0
1311.0,1175.5,1175.5,NaN,116.0,1.0
1312.0,1175.75,1175.75,NaN,118.0,1.0
1313.0,1175.75,1175.75,NaN,118.0,1.0
1314.0,1175.75,1175.5,1176.0,102.0,-0.1111111111111111
1315.0,1180.0,NaN,1180.0,81.0,-1.0
1316.0,1181.75,NaN,1181.75,56.0,-1.0
1317.0,1182.125,1181.75,1182.5,32.0,-0.6470588235294118
1318.0,1183.25,NaN,1183.25,26.0,-1.0
1319.0,1184.75,1184.5,1185.0,32.0,-0.6666666666666666
1320.0,1185.75,NaN,1185.75,37.0,-1.0
1321.0,1186.5,NaN,1186.5,49.0,-1.0
1322.0,1186.0,1185.5,1186.5,57.0,-0.6666666666666666
1323.0,1185.125,1184.5,1185.75,76.0,-0.5
1324.0,1183.875,1183.25,1184.5,94.0,-0.6923076923076923
1325.0,1183.375,1182.75,1184.0,103.0,-0.6666666666666666
1326.0,1181.375,1181.0,1181.75,110.0,-0.7333333333333333
1327.0,1182.75,NaN,1182.75,115.0,-1.0
1328.0,1179.5,1178.75,1180.25,117.0,-0.7777777777777778
1329.0,1177.875,1177.0,1178.75,111.0,-0.7777777777777778
1330.0,1178.0,1177.25,1178.75,113.0,-0.8
1331.0,1177.5,NaN,1177.5,120.0,-1.0
1332.0,1178.0,NaN,1178.0,118.0,-1.0
1333.0,1178.0,NaN,1178.0,117.0,-1.0
1334.0,1178.25,NaN,1178.25,119.0,-1.0
1335.0,1177.5,NaN,1177.5,116.0,-1.0
1336.0,1177.25,NaN,1177.25,118.0,-1.0
1337.0,1177.75,1177.25,1178.25,120.0,-0.7647058823529411
1338.0,1178.5,NaN,1178.5,120.0,-1.0
1339.0,1178.75,NaN,1178.75,120.0,-1.0
1340.0,1178.75,NaN,1178.75,120.0,-1.0
1341.0,1178.375,1177.75,1179.0,104.0,-0.8235294117647058
1342.0,1179.0,NaN,1179.0,115.0,-1.0
1343.0,1177.0,NaN,1177.0,113.0,-1.0
1344.0,1176.5,NaN,1176.5,120.0,-1.0
1345.0,1177.25,NaN,1177.25,119.0,-1.0
1346.0,1176.5,NaN,1176.5,118.0,-1.0
1347.0,1177.0,NaN,1177.0,118.0,-1.0
1348.0,1176.875,1176.75,1177.0,120.0,-0.7142857142857143
1349.0,1175.0,NaN,1175.0,115.0,-1.0
1350.0,1172.5,1171.75,1173.25,118.0,-0.8333333333333334
1351.0,1173.0,1172.25,1173.75,116.0,-0.8461538461538461
1352.0,1172.5,NaN,1172.5,120.0,-1.0
1353.0,1172.25,NaN,1172.25,119.0,-1.0
1354.0,1172.5,NaN,1172.5,119.0,-1.0
1355.0,1172.625,1172.5,1172.75,117.0,-0.7777777777777778
1356.0,1173.25,NaN,1173.25,118.0,-1.0
1357.0,1171.5,1170.75,1172.25,116.0,-0.9047619047619048
1358.0,1170.75,NaN,1170.75,115.0,-1.0
1359.0,1170.25,NaN,1170.25,119.0,-1.0
1360.0,1178.0,1177.25,1178.75,109.0,-0.7777777777777778
1361.0,1177.25,1176.5,1178.0,112.0,-0.8571428571428571
1362.0,1178.0,NaN,1178.0,117.0,-1.0
1363.0,1176.0,1175.5,1176.5,113.0,-0.3333333333333333
1364.0,1175.5,1175.25,1175.75,84.0,0.6923076923076923
1365.0,1172.5,NaN,1172.5,112.0,-1.0
1366.0,1172.0,NaN,1172.0,118.0,-1.0
1367.0,1169.25,1168.5,1170.0,116.0,-0.8
1368.0,1166.25,1166.25,NaN,85.0,1.0
1369.0,1164.25,1163.5,1165.0,84.0,0.16666666666666666
1370.0,1162.125,1161.75,1162.5,66.0,0.7333333333333333
1371.0,1160.75,1160.75,NaN,44.0,1.0
1372.0,1159.0,1158.5,1159.5,28.0,0.5555555555555556
1373.0,1157.25,1157.25,NaN,26.0,1.0
1374.0,1157.25,1157.25,NaN,38.0,1.0
1375.0,1157.0,1157.0,NaN,46.0,1.0
1376.0,1157.25,1157.25,NaN,66.0,1.0
1377.0,1158.625,1158.0,1159.25,75.0,0.3333333333333333
1378.0,1159.75,1159.0,1160.5,97.0,0.8333333333333334
1379.0,1158.75,1158.75,NaN,105.0,1.0
1380.0,1158.75,1158.75,NaN,111.0,1.0
1381.0,1160.0,1159.25,1160.75,111.0,0.9090909090909091
1382.0,1158.75,1158.75,NaN,111.0,1.0
1383.0,1159.75,1159.0,1160.5,110.0,0.9393939393939394
1384.0,1159.5,1159.5,NaN,110.0,1.0
1385.0,1159.375,1158.75,1160.0,110.0,0.8709677419354839
1386.0,1158.75,1158.75,NaN,117.0,1.0
1387.0,1158.5,1158.5,NaN,117.0,1.0
1388.0,1159.75,1159.5,1160.0,103.0,-0.6666666666666666
1389.0,1160.875,1160.5,1161.25,85.0,-0.5
1390.0,1161.25,NaN,1161.25,58.0,-1.0
1391.0,1160.625,1160.0,1161.25,42.0,-0.6
1392.0,1161.25,NaN,1161.25,29.0,-1.0
1393.0,1160.875,1160.5,1161.25,32.0,-0.8666666666666667
1394.0,1160.0,1159.25,1160.75,47.0,-0.9130434782608695
1395.0,1159.5,NaN,1159.5,67.0,-1.0
1396.0,1158.0,1157.25,1158.75,79.0,-0.75
1397.0,1156.0,1155.25,1156.75,88.0,-0.6923076923076923
1398.0,1155.25,NaN,1155.25,102.0,-1.0
1399.0,1153.75,NaN,1153.75,113.0,-1.0
1400.0,1153.25,NaN,1153.25,115.0,-1.0
1401.0,1153.75,NaN,1153.75,120.0,-1.0
1402.0,1154.5,NaN,1154.5,120.0,-1.0
1403.0,1154.5,NaN,1154.5,120.0,-1.0
1404.0,1154.75,NaN,1154.75,118.0,-1.0
1405.0,1154.25,NaN,1154.25,120.0,-1.0
1406.0,1153.5,NaN,1153.5,118.0,-1.0
1407.0,1152.75,NaN,1152.75,118.0,-1.0
1408.0,1152.75,NaN,1152.75,116.0,-1.0
1409.0,1152.5,NaN,1152.5,118.0,-1.0
1410.0,1153.0,NaN,1153.0,120.0,-1.0
1411.0,1153.5,NaN,1153.5,119.0,-1.0
1412.0,1153.5,NaN,1153.5,120.0,-1.0
1413.0,1153.5,NaN,1153.5,120.0,-1.0
1414.0,1153.75,NaN,1153.75,120.0,-1.0
1415.0,1153.75,NaN,1153.75,118.0,-1.0
1416.0,1153.5,NaN,1153.5,118.0,-1.0
1417.0,1152.75,1152.0,1153.5,118.0,-0.9166666666666666
1418.0,1153.25,NaN,1153.25,117.0,-1.0
1419.0,1153.75,NaN,1153.75,117.0,-1.0
1420.0,1154.25,NaN,1154.25,112.0,-1.0
1421.0,1154.5,NaN,1154.5,117.0,-1.0
1422.0,1154.25,NaN,1154.25,119.0,-1.0
1423.0,1154.75,NaN,1154.75,120.0,-1.0
1424.0,1154.0,1153.25,1154.75,117.0,-0.9354838709677419
1425.0,1154.75,NaN,1154.75,117.0,-1.0
1426.0,1154.5,NaN,1154.5,116.0,-1.0
1427.0,1153.0,NaN,1153.0,117.0,-1.0
1428.0,1153.0,NaN,1153.0,120.0,-1.0
1429.0,1153.0,NaN,1153.0,120.0,-1.0
1430.0,1152.25,NaN,1152.25,118.0,-1.0
1431.0,1152.0,NaN,1152.0,119.0,-1.0
1432.0,1152.25,NaN,1152.25,117.0,-1.0
1433.0,1153.0,NaN,1153.0,120.0,-1.0
1434.0,1152.25,NaN,1152.25,118.0,-1.0
1435.0,1152.0,NaN,1152.0,118.0,-1.0
1436.0,1152.5,NaN,1152.5,119.0,-1.0
1437.0,1152.75,NaN,1152.75,118.0,-1.0
1438.0,1150.5,NaN,1150.5,116.0,-1.0
1439.0,1149.5,NaN,1149.5,116.0,-1.0
1440.0,1150.0,NaN,1150.0,120.0,-1.0
1441.0,1150.0,NaN,1150.0,120.0,-1.0
1442.0,1148.625,1148.0,1149.25,117.0,-0.7777777777777778
1443.0,1149.0,NaN,1149.0,119.0,-1.0
1444.0,1149.5,NaN,1149.5,116.0,-1.0
1445.0,1148.5,NaN,1148.5,119.0,-1.0
1446.0,1147.5,NaN,1147.5,118.0,-1.0
1447.0,1148.25,NaN,1148.25,116.0,-1.0
1448.0,1148.25,NaN,1148.25,116.0,-1.0
1449.0,1147.75,NaN,1147.75,118.0,-1.0
1450.0,1147.75,NaN,1147.75,118.0,-1.0
1451.0,1144.625,1143.75,1145.5,115.0,-0.7777777777777778
1452.0,1146.0,NaN,1146.0,117.0,-1.0
1453.0,1145.25,NaN,1145.25,118.0,-1.0
1454.0,1144.75,NaN,1144.75,119.0,-1.0
1455.0,1144.875,1144.75,1145.0,117.0,-0.8666666666666667
1456.0,1144.75,NaN,1144.75,119.0,-1.0
1457.0,1144.5,NaN,1144.5,117.0,-1.0
1458.0,1143.75,NaN,1143.75,116.0,-1.0
1459.0,1143.25,NaN,1143.25,114.0,-1.0
1460.0,1142.5,1141.75,1143.25,117.0,-0.8823529411764706
1461.0,1143.25,NaN,1143.25,119.0,-1.0
1462.0,1143.5,NaN,1143.5,116.0,-1.0
1463.0,1143.0,NaN,1143.0,117.0,-1.0
1464.0,1142.75,NaN,1142.75,118.0,-1.0
1465.0,1142.25,1141.5,1143.0,114.0,-0.8571428571428571
1466.0,1143.0,NaN,1143.0,118.0,-1.0
1467.0,1143.0,NaN,1143.0,119.0,-1.0
1468.0,1143.25,NaN,1143.25,118.0,-1.0
1469.0,1143.5,NaN,1143.5,120.0,-1.0
1470.0,1143.5,NaN,1143.5,120.0,-1.0
1471.0,1143.5,NaN,1143.5,119.0,-1.0
1472.0,1143.5,NaN,1143.5,120.0,-1.0
1473.0,1143.0,1142.25,1143.75,120.0,-0.9574468085106383
1474.0,1143.5,NaN,1143.5,119.0,-1.0
1475.0,1143.5,NaN,1143.5,117.0,-1.0
1476.0,1143.5,NaN,1143.5,117.0,-1.0
1477.0,1142.5,NaN,1142.5,115.0,-1.0
1478.0,1143.0,NaN,1143.0,119.0,-1.0
1479.0,1142.5,NaN,1142.5,119.0,-1.0
1480.0,1142.75,NaN,1142.75,119.0,-1.0
1481.0,1141.875,1141.25,1142.5,117.0,-0.7647058823529411
1482.0,1142.25,NaN,1142.25,118.0,-1.0
1483.0,1142.75,NaN,1142.75,118.0,-1.0
1484.0,1142.75,NaN,1142.75,119.0,-1.0
1485.0,1142.0,NaN,1142.0,118.0,-1.0
1486.0,1141.25,1140.5,1142.0,119.0,-0.9411764705882353
1487.0,1142.25,NaN,1142.25,119.0,-1.0
1488.0,1142.0,NaN,1142.0,119.0,-1.0
1489.0,1142.5,NaN,1142.5,118.0,-1.0
1490.0,1142.75,NaN,1142.75,119.0,-1.0
1491.0,1142.75,NaN,1142.75,118.0,-1.0
1492.0,1141.5,1141.0,1142.0,114.0,-0.7391304347826086
1493.0,1138.75,NaN,1138.75,116.0,-1.0
1494.0,1138.0,NaN,1138.0,116.0,-1.0
1495.0,1137.5,NaN,1137.5,117.0,-1.0
1496.0,1137.25,NaN,1137.25,118.0,-1.0
1497.0,1137.25,1137.0,1137.5,100.0,0.5
1498.0,1134.125,1133.5,1134.75,92.0,0.23076923076923078
1499.0,1132.875,1132.5,1133.25,54.0,0.8
1500.0,1132.125,1131.75,1132.5,30.0,0.6923076923076923
1501.0,1131.0,1131.0,NaN,18.0,1.0
1502.0,1129.75,1129.25,1130.25,26.0,0.14285714285714285
1503.0,1128.375,1128.0,1128.75,33.0,0.5
1504.0,1127.5,1126.75,1128.25,43.0,0.8461538461538461
1505.0,1126.5,1126.5,NaN,64.0,1.0
1506.0,1128.25,1127.75,1128.75,65.0,0.1
1507.0,1128.25,1128.25,NaN,84.0,1.0
1508.0,1130.375,1129.75,1131.0,105.0,0.6
1509.0,1127.0,1127.0,NaN,109.0,1.0
1510.0,1131.25,NaN,1131.25,85.0,-1.0
1511.0,1132.25,1132.0,1132.5,65.0,-0.6666666666666666
1512.0,1133.0,1132.5,1133.5,41.0,-0.7647058823529411
1513.0,1133.75,NaN,1133.75,25.0,-1.0
1514.0,1133.5,1133.0,1134.0,30.0,-0.7894736842105263
1515.0,1133.5,1133.0,1134.0,48.0,-0.5
1516.0,1133.125,1132.5,1133.75,75.0,-0.7777777777777778
1517.0,1130.875,1130.25,1131.5,96.0,-0.6666666666666666
1518.0,1128.75,1128.0,1129.5,107.0,-0.8
1519.0,1126.0,NaN,1126.0,115.0,-1.0
1520.0,1126.0,NaN,1126.0,119.0,-1.0
1521.0,1124.75,1124.0,1125.5,116.0,-0.8
1522.0,1126.25,NaN,1126.25,117.0,-1.0
1523.0,1126.0,NaN,1126.0,118.0,-1.0
1524.0,1126.25,NaN,1126.25,119.0,-1.0
1525.0,1125.25,NaN,1125.25,118.0,-1.0
1526.0,1124.75,1124.25,1125.25,118.0,-0.7
1527.0,1125.5,NaN,1125.5,113.0,-1.0
1528.0,1123.75,NaN,1123.75,118.0,-1.0
1529.0,1124.5,NaN,1124.5,120.0,-1.0
1530.0,1124.75,NaN,1124.75,120.0,-1.0
1531.0,1125.0,NaN,1125.0,120.0,-1.0
1532.0,1125.0,NaN,1125.0,118.0,-1.0
1533.0,1123.75,NaN,1123.75,118.0,-1.0
1534.0,1123.75,NaN,1123.75,116.0,-1.0
1535.0,1124.25,NaN,1124.25,118.0,-1.0
1536.0,1124.25,NaN,1124.25,120.0,-1.0
1537.0,1124.5,NaN,1124.5,120.0,-1.0
1538.0,1124.5,NaN,1124.5,120.0,-1.0
1539.0,1124.5,NaN,1124.5,120.0,-1.0
1540.0,1124.5,NaN,1124.5,118.0,-1.0
1541.0,1124.0,NaN,1124.0,118.0,-1.0
1542.0,1125.25,1124.25,1126.25,97.0,-0.17647058823529413
1543.0,1120.875,1120.5,1121.25,82.0,0.7333333333333333
1544.0,1119.625,1119.0,1120.25,54.0,0.5555555555555556
1545.0,1117.0,1117.0,NaN,28.0,1.0
1546.0,1116.875,1116.5,1117.25,19.0,0.3333333333333333
1547.0,1116.375,1115.75,1117.0,33.0,0.8
1548.0,1116.0,1115.25,1116.75,50.0,0.8888888888888888
1549.0,1115.625,1115.0,1116.25,62.0,0.5714285714285714
1550.0,1117.25,NaN,1117.25,47.0,-1.0
1551.0,1117.75,1117.25,1118.25,34.0,-0.8333333333333334
1552.0,1119.25,NaN,1119.25,26.0,-1.0
1553.0,1118.875,1118.25,1119.5,30.0,-0.8260869565217391
1554.0,1119.0,1118.5,1119.5,48.0,-0.8260869565217391
1555.0,1116.75,1116.25,1117.25,73.0,-0.7777777777777778
1556.0,1116.5,NaN,1116.5,84.0,-1.0
1557.0,1114.75,1114.0,1115.5,100.0,-0.8571428571428571
1558.0,1114.25,NaN,1114.25,113.0,-1.0
1559.0,1112.0,NaN,1112.0,114.0,-1.0
1560.0,1117.25,1116.5,1118.0,111.0,-0.6666666666666666
1561.0,1111.5,1111.5,NaN,93.0,1.0
1562.0,1109.25,1109.25,NaN,68.0,1.0
1563.0,1106.875,1106.5,1107.25,56.0,0.8181818181818182
1564.0,1104.75,1104.5,1105.0,44.0,0.2727272727272727
1565.0,1104.625,1104.0,1105.25,31.0,0.8571428571428571
1566.0,1103.75,1103.5,1104.0,29.0,0.3333333333333333
1567.0,1104.0,1103.5,1104.5,29.0,0.8571428571428571
1568.0,1103.75,1103.0,1104.5,52.0,0.8888888888888888
1569.0,1102.5,1102.5,NaN,66.0,1.0
1570.0,1103.0,1103.0,NaN,84.0,1.0
1571.0,1103.625,1103.0,1104.25,91.0,0.9130434782608695
1572.0,1105.5,1105.5,NaN,106.0,1.0
1573.0,1106.5,1105.5,1107.5,109.0,0.8181818181818182
1574.0,1106.875,1106.0,1107.75,113.0,0.6666666666666666
1575.0,1105.75,1105.75,NaN,112.0,1.0
1576.0,1106.0,1105.75,1106.25,118.0,0.7894736842105263
1577.0,1105.0,1105.0,NaN,116.0,1.0
1578.0,1105.0,1105.0,NaN,117.0,1.0
1579.0,1106.0,1105.25,1106.75,117.0,0.9428571428571428
1580.0,1105.0,1105.0,NaN,119.0,1.0
1581.0,1104.75,1104.75,NaN,118.0,1.0
1582.0,1104.5,1104.5,NaN,118.0,1.0
1583.0,1105.0,1104.25,1105.75,118.0,0.9354838709677419
1584.0,1104.75,1104.75,NaN,117.0,1.0
1585.0,1104.5,1104.5,NaN,117.0,1.0
1586.0,1104.0,1104.0,NaN,118.0,1.0
1587.0,1106.0,1105.25,1106.75,117.0,0.8461538461538461
1588.0,1106.625,1106.0,1107.25,117.0,0.75
1589.0,1106.0,1106.0,NaN,118.0,1.0
1590.0,1105.5,1105.5,NaN,115.0,1.0
1591.0,1107.25,1107.25,NaN,119.0,1.0
1592.0,1106.5,1106.5,NaN,118.0,1.0
1593.0,1106.5,1106.5,NaN,115.0,1.0
1594.0,1106.75,1106.75,NaN,115.0,1.0
1595.0,1107.0,1106.25,1107.75,117.0,0.9259259259259259
1596.0,1106.0,1106.0,NaN,112.0,1.0
1597.0,1106.25,1106.25,NaN,118.0,1.0
1598.0,1105.75,1105.75,NaN,118.0,1.0
1599.0,1106.0,1106.0,NaN,118.0,1.0
1600.0,1106.75,1106.75,NaN,119.0,1.0
1601.0,1106.5,1106.5,NaN,116.0,1.0
1602.0,1106.75,1106.75,NaN,117.0,1.0
1603.0,1106.5,1106.5,NaN,116.0,1.0
1604.0,1107.5,1107.5,NaN,113.0,1.0
1605.0,1108.375,1108.0,1108.75,116.0,0.7777777777777778
1606.0,1108.75,1108.25,1109.25,116.0,0.6842105263157895
1607.0,1108.75,1108.75,NaN,116.0,1.0
1608.0,1110.5,1109.75,1111.25,115.0,0.8333333333333334
1609.0,1112.25,1112.25,NaN,113.0,1.0
1610.0,1112.75,1112.75,NaN,117.0,1.0
1611.0,1113.0,1112.75,1113.25,115.0,0.7037037037037037
1612.0,1115.25,1115.25,NaN,116.0,1.0
1613.0,1115.5,1115.5,NaN,117.0,1.0
1614.0,1115.25,1115.25,NaN,117.0,1.0
1615.0,1115.5,1115.5,NaN,116.0,1.0
1616.0,1115.5,1114.75,1116.25,115.0,0.9230769230769231
1617.0,1114.5,1114.5,NaN,117.0,1.0
1618.0,1117.0,1116.25,1117.75,117.0,0.7142857142857143
1619.0,1116.625,1116.0,1117.25,115.0,0.6923076923076923
1620.0,1116.0,1116.0,NaN,120.0,1.0
1621.0,1116.75,1116.25,1117.25,118.0,0.9090909090909091
1622.0,1117.25,1117.25,NaN,118.0,1.0
1623.0,1116.75,1116.75,NaN,113.0,1.0
1624.0,1116.5,1116.5,NaN,116.0,1.0
1625.0,1116.5,1116.5,NaN,116.0,1.0
1626.0,1116.75,1116.75,NaN,118.0,1.0
1627.0,1117.25,1117.25,NaN,117.0,1.0
1628.0,1117.25,1117.0,1117.5,115.0,0.875
1629.0,1117.25,1117.25,NaN,119.0,1.0
1630.0,1117.5,1116.75,1118.25,116.0,0.9512195121951219
1631.0,1117.0,1117.0,NaN,118.0,1.0
1632.0,1117.0,1117.0,NaN,117.0,1.0
1633.0,1119.5,1118.75,1120.25,118.0,0.9
1634.0,1121.0,1120.25,1121.75,117.0,0.7777777777777778
1635.0,1121.25,1121.25,NaN,118.0,1.0
1636.0,1120.75,1120.75,NaN,119.0,1.0
1637.0,1121.25,1121.25,NaN,118.0,1.0
1638.0,1122.25,1121.5,1123.0,118.0,0.8947368421052632
1639.0,1121.0,1121.0,NaN,120.0,1.0
1640.0,1120.75,1120.75,NaN,115.0,1.0
1641.0,1123.25,1122.5,1124.0,116.0,0.7777777777777778
1642.0,1120.875,1119.75,1122.0,95.0,0.35294117647058826
1643.0,1122.75,1121.75,1123.75,101.0,0.7142857142857143
1644.0,1124.125,1123.75,1124.5,110.0,0.7777777777777778
1645.0,1125.75,1125.75,NaN,113.0,1.0
1646.0,1123.0,1122.75,1123.25,85.0,-0.8
1647.0,1126.125,1125.25,1127.0,105.0,0.45454545454545453
1648.0,1130.75,1130.5,1131.0,94.0,-0.2727272727272727
1649.0,1131.0,1130.25,1131.75,81.0,0.21739130434782608
1650.0,1131.75,1131.25,1132.25,47.0,-0.8
1651.0,1132.625,1132.25,1133.0,30.0,-0.8571428571428571
1652.0,1133.125,1132.75,1133.5,29.0,-0.7142857142857143
1653.0,1133.75,NaN,1133.75,31.0,-1.0
1654.0,1133.375,1132.75,1134.0,44.0,-0.7777777777777778
1655.0,1134.25,NaN,1134.25,65.0,-1.0
1656.0,1131.625,1131.25,1132.0,50.0,0.8
1657.0,1130.25,1130.0,1130.5,33.0,0.5294117647058824
1658.0,1129.75,1129.25,1130.25,12.0,0.8823529411764706
1659.0,1129.0,1129.0,NaN,26.0,1.0
1660.0,1129.0,1129.0,NaN,41.0,1.0
1661.0,1129.25,1129.25,NaN,65.0,1.0
1662.0,1129.75,1129.75,NaN,83.0,1.0
1663.0,1130.5,1130.5,NaN,97.0,1.0
1664.0,1132.0,1132.0,NaN,105.0,1.0
1665.0,1133.25,1133.25,NaN,111.0,1.0
1666.0,1135.25,1135.25,NaN,116.0,1.0
1667.0,1132.25,1131.75,1132.75,106.0,0.15789473684210525
1668.0,1131.5,1129.75,1133.25,82.0,0.05263157894736842
1669.0,1130.75,1130.0,1131.5,81.0,-0.25
1670.0,1132.25,1131.75,1132.75,98.0,0.3333333333333333
1671.0,1135.875,1135.25,1136.5,112.0,0.8666666666666667
1672.0,1135.25,1135.25,NaN,116.0,1.0
1673.0,1137.25,1136.5,1138.0,119.0,0.7142857142857143
1674.0,1135.75,1135.75,NaN,118.0,1.0
1675.0,1137.0,1137.0,NaN,116.0,1.0
1676.0,1137.25,1137.25,NaN,116.0,1.0
1677.0,1138.0,1137.25,1138.75,118.0,0.8461538461538461
1678.0,1137.75,1137.75,NaN,119.0,1.0
1679.0,1138.0,1137.5,1138.5,119.0,0.76
1680.0,1137.75,1137.75,NaN,119.0,1.0
1681.0,1138.0,1138.0,NaN,117.0,1.0
1682.0,1137.25,1137.25,NaN,119.0,1.0
1683.0,1138.375,1138.0,1138.75,116.0,0.8
1684.0,1138.25,1138.25,NaN,117.0,1.0
1685.0,1139.75,1139.75,NaN,118.0,1.0
1686.0,1141.25,1140.5,1142.0,116.0,0.7333333333333333
1687.0,1141.5,1140.5,1142.5,112.0,0.8571428571428571
1688.0,1142.5,1142.5,NaN,115.0,1.0
1689.0,1141.25,1141.25,NaN,118.0,1.0
1690.0,1141.5,1141.5,NaN,117.0,1.0
1691.0,1141.25,1141.0,1141.5,115.0,0.7142857142857143
1692.0,1143.625,1143.0,1144.25,115.0,0.6470588235294118
1693.0,1143.75,1143.0,1144.5,114.0,0.8666666666666667
1694.0,1143.25,1143.25,NaN,116.0,1.0
1695.0,1143.5,1143.5,NaN,116.0,1.0
1696.0,1143.5,1143.5,NaN,119.0,1.0
1697.0,1144.25,1144.25,NaN,116.0,1.0
1698.0,1144.75,1144.75,NaN,112.0,1.0
1699.0,1146.75,1146.0,1147.5,117.0,0.8571428571428571
1700.0,1146.75,1146.25,1147.25,119.0,0.8
1701.0,1146.0,1146.0,NaN,117.0,1.0
1702.0,1146.75,1146.0,1147.5,115.0,0.7692307692307693
1703.0,1146.75,1146.75,NaN,117.0,1.0
1704.0,1146.5,1146.5,NaN,116.0,1.0
1705.0,1146.25,1146.25,NaN,119.0,1.0
1706.0,1146.5,1146.5,NaN,119.0,1.0
1707.0,1148.0,1147.25,1148.75,117.0,0.8181818181818182
1708.0,1148.5,1148.5,NaN,117.0,1.0
1709.0,1149.25,1149.25,NaN,116.0,1.0
1710.0,1150.75,1150.0,1151.5,112.0,0.6666666666666666
1711.0,1150.75,1150.75,NaN,119.0,1.0
1712.0,1150.5,1150.5,NaN,118.0,1.0
1713.0,1151.5,1151.5,NaN,117.0,1.0
1714.0,1151.5,1151.5,NaN,118.0,1.0
1715.0,1151.0,1151.0,NaN,120.0,1.0
1716.0,1151.5,1150.75,1152.25,115.0,0.8461538461538461
1717.0,1150.75,1150.75,NaN,116.0,1.0
1718.0,1151.0,1151.0,NaN,113.0,1.0
1719.0,1153.5,1153.5,NaN,117.0,1.0
1720.0,1153.5,1153.5,NaN,116.0,1.0
1721.0,1154.0,1153.25,1154.75,116.0,0.8823529411764706
1722.0,1153.5,1153.5,NaN,119.0,1.0
1723.0,1153.75,1153.75,NaN,118.0,1.0
1724.0,1153.75,1153.75,NaN,119.0,1.0
1725.0,1153.5,1153.5,NaN,119.0,1.0
1726.0,1153.25,1153.25,NaN,119.0,1.0
1727.0,1153.25,1153.25,NaN,117.0,1.0
1728.0,1153.25,1153.25,NaN,118.0,1.0
1729.0,1153.0,1153.0,NaN,117.0,1.0
1730.0,1154.0,1154.0,NaN,119.0,1.0
1731.0,1154.25,1154.25,NaN,117.0,1.0
1732.0,1155.25,1155.25,NaN,117.0,1.0
1733.0,1156.5,1156.5,NaN,114.0,1.0
1734.0,1157.5,1157.5,NaN,117.0,1.0
1735.0,1157.75,1157.75,NaN,118.0,1.0
1736.0,1158.5,1157.75,1159.25,118.0,0.9047619047619048
1737.0,1158.0,1158.0,NaN,115.0,1.0
1738.0,1158.25,1158.25,NaN,117.0,1.0
1739.0,1159.0,1158.25,1159.75,116.0,0.8888888888888888
1740.0,1158.75,1158.75,NaN,118.0,1.0
1741.0,1159.25,1159.25,NaN,116.0,1.0
1742.0,1160.0,1159.25,1160.75,114.0,0.8823529411764706
1743.0,1160.875,1160.25,1161.5,115.0,0.7333333333333333
1744.0,1160.0,1160.0,NaN,115.0,1.0
1745.0,1161.75,1161.75,NaN,115.0,1.0
1746.0,1162.375,1161.75,1163.0,111.0,0.8571428571428571
1747.0,1162.75,1162.75,NaN,115.0,1.0
1748.0,1163.0,1163.0,NaN,119.0,1.0
1749.0,1163.75,1163.75,NaN,116.0,1.0
1750.0,1163.25,1163.25,NaN,118.0,1.0
1751.0,1163.5,1163.5,NaN,119.0,1.0
1752.0,1163.0,1163.0,NaN,118.0,1.0
1753.0,1163.0,1163.0,NaN,119.0,1.0
1754.0,1162.75,1162.75,NaN,119.0,1.0
1755.0,1164.0,1163.25,1164.75,117.0,0.9285714285714286
1756.0,1162.75,1162.75,NaN,116.0,1.0
1757.0,1163.75,1163.0,1164.5,116.0,0.7647058823529411
1758.0,1163.0,1163.0,NaN,117.0,1.0
1759.0,1163.0,1163.0,NaN,120.0,1.0
1760.0,1163.0,1163.0,NaN,118.0,1.0
1761.0,1163.0,1163.0,NaN,118.0,1.0
1762.0,1162.75,1162.75,NaN,120.0,1.0
1763.0,1162.75,1162.75,NaN,120.0,1.0
1764.0,1163.0,1163.0,NaN,117.0,1.0
1765.0,1163.5,1163.5,NaN,119.0,1.0
1766.0,1163.5,1163.5,NaN,118.0,1.0
1767.0,1163.5,1163.5,NaN,116.0,1.0
1768.0,1164.25,1163.5,1165.0,115.0,0.9375
1769.0,1163.5,1163.5,NaN,120.0,1.0
1770.0,1164.0,1163.25,1164.75,120.0,0.9565217391304348
1771.0,1164.25,1164.25,NaN,116.0,1.0
1772.0,1164.5,1164.5,NaN,118.0,1.0
1773.0,1164.5,1164.5,NaN,118.0,1.0
1774.0,1164.75,1164.75,NaN,117.0,1.0
1775.0,1165.75,1165.75,NaN,118.0,1.0
1776.0,1165.25,1165.25,NaN,119.0,1.0
1777.0,1166.5,1166.5,NaN,114.0,1.0
1778.0,1167.625,1167.0,1168.25,116.0,0.7894736842105263
1779.0,1167.25,1167.25,NaN,117.0,1.0
1780.0,1166.875,1166.75,1167.0,119.0,0.68
1781.0,1167.0,1167.0,NaN,114.0,1.0
1782.0,1168.0,1167.25,1168.75,119.0,0.9166666666666666
1783.0,1167.5,1167.5,NaN,118.0,1.0
1784.0,1167.0,1167.0,NaN,116.0,1.0
1785.0,1168.25,1167.5,1169.0,118.0,0.9130434782608695
1786.0,1167.5,1167.5,NaN,119.0,1.0
1787.0,1167.75,1167.0,1168.5,114.0,0.9459459459459459
1788.0,1167.125,1167.0,1167.25,114.0,0.9428571428571428
1789.0,1167.75,1167.75,NaN,117.0,1.0
1790.0,1167.5,1167.5,NaN,118.0,1.0
1791.0,1167.25,1167.25,NaN,120.0,1.0
1792.0,1167.25,1167.25,NaN,120.0,1.0
1793.0,1167.5,1167.5,NaN,119.0,1.0
1794.0,1167.625,1167.5,1167.75,118.0,0.9393939393939394
1795.0,1167.25,1167.25,NaN,119.0,1.0
1796.0,1168.375,1168.0,1168.75,117.0,0.6923076923076923
1797.0,1168.75,1168.75,NaN,118.0,1.0
1798.0,1168.0,1168.0,NaN,120.0,1.0
1799.0,1167.75,1167.75,NaN,120.0,1.0
1800.0,1168.75,1168.0,1169.5,118.0,0.9259259259259259
